15:30:44.837 [main] INFO  i.g.c.config.GatlingConfiguration$ - Gatling will try to load 'gatling.conf' config file as ClassLoader resource.
15:30:45.338 [GatlingSystem-akka.actor.default-dispatcher-5] INFO  akka.event.slf4j.Slf4jLogger - Slf4jLogger started
15:30:47.000 [main] DEBUG com.intuit.karate.Suite - [config] classpath:karate-config.js
15:30:47.973 [main] INFO  com.intuit.karate - karate.env system property was: null 
15:30:48.120 [main] DEBUG com.intuit.karate - request:
1 > POST https://conduit-api.bondaracademy.com/api/users/login
1 > Content-Type: application/json; charset=UTF-8
1 > Content-Length: 60
1 > Host: conduit-api.bondaracademy.com
1 > Connection: Keep-Alive
1 > User-Agent: Apache-HttpClient/4.5.14 (Java/25.0.2)
1 > Accept-Encoding: gzip,deflate
{"user":{"email":"kardemo1@test.com","password":"Welcome1"}}

15:30:48.463 [main] DEBUG com.intuit.karate - response time in milliseconds: 340
1 < 200
1 < x-powered-by: Express
1 < vary: Origin
1 < content-type: application/json; charset=utf-8
1 < etag: W/"127-HSWQjjrM/KK2khWiTGHLYrXtKKI"
1 < x-cloud-trace-context: ef2bdc9e51fca0b1ce615404d31b9134;o=1
1 < date: Wed, 11 Feb 2026 20:30:48 GMT
1 < server: Google Frontend
1 < Content-Length: 295
{"user":{"email":"kardemo1@test.com","username":"kardemo1","bio":null,"image":"https://api.realworld.io/images/smiley-cyrus.jpeg","token":"eyJhbGciOiJIUzI1NiIsInR5cCI6IkpXVCJ9.eyJ1c2VyIjp7ImlkIjoxNzM1fSwiaWF0IjoxNzcwODQxODQ4LCJleHAiOjE3NzYwMjU4NDh9.3n2i9NqrRrKmONYCzlchrxRxeGeVFtFPcapW6AW10rs"}}

15:30:48.472 [main] INFO  com.intuit.karate - [print] INSIDE HELPER - TOKEN IS >>> eyJhbGciOiJIUzI1NiIsInR5cCI6IkpXVCJ9.eyJ1c2VyIjp7ImlkIjoxNzM1fSwiaWF0IjoxNzcwODQxODQ4LCJleHAiOjE3NzYwMjU4NDh9.3n2i9NqrRrKmONYCzlchrxRxeGeVFtFPcapW6AW10rs 
15:30:48.483 [main] DEBUG com.intuit.karate.Suite - [config] classpath:karate-config.js
15:30:48.492 [main] INFO  com.intuit.karate - karate.env system property was: null 
15:30:48.498 [main] DEBUG com.intuit.karate - request:
1 > POST https://conduit-api.bondaracademy.com/api/users/login
1 > Content-Type: application/json; charset=UTF-8
1 > Content-Length: 60
1 > Host: conduit-api.bondaracademy.com
1 > Connection: Keep-Alive
1 > User-Agent: Apache-HttpClient/4.5.14 (Java/25.0.2)
1 > Accept-Encoding: gzip,deflate
{"user":{"email":"kardemo2@test.com","password":"Welcome1"}}

15:30:48.764 [main] DEBUG com.intuit.karate - response time in milliseconds: 266
1 < 200
1 < x-powered-by: Express
1 < vary: Origin
1 < content-type: application/json; charset=utf-8
1 < etag: W/"127-ShXPqsEvL+9kagFhqaDU4WrYJsM"
1 < x-cloud-trace-context: d6cc99de8627bf45577d8791b3cc1cd7
1 < date: Wed, 11 Feb 2026 20:30:48 GMT
1 < server: Google Frontend
1 < Content-Length: 295
{"user":{"email":"kardemo2@test.com","username":"kardemo2","bio":null,"image":"https://api.realworld.io/images/smiley-cyrus.jpeg","token":"eyJhbGciOiJIUzI1NiIsInR5cCI6IkpXVCJ9.eyJ1c2VyIjp7ImlkIjoxNzM2fSwiaWF0IjoxNzcwODQxODQ4LCJleHAiOjE3NzYwMjU4NDh9.o28nVPGZnSsoA8eIo71vL0iDahjcJyh8eKMQ5fJzyD4"}}

15:30:48.766 [main] INFO  com.intuit.karate - [print] INSIDE HELPER - TOKEN IS >>> eyJhbGciOiJIUzI1NiIsInR5cCI6IkpXVCJ9.eyJ1c2VyIjp7ImlkIjoxNzM2fSwiaWF0IjoxNzcwODQxODQ4LCJleHAiOjE3NzYwMjU4NDh9.o28nVPGZnSsoA8eIo71vL0iDahjcJyh8eKMQ5fJzyD4 
15:30:48.772 [main] DEBUG com.intuit.karate.Suite - [config] classpath:karate-config.js
15:30:48.778 [main] INFO  com.intuit.karate - karate.env system property was: null 
15:30:48.781 [main] DEBUG com.intuit.karate - request:
1 > POST https://conduit-api.bondaracademy.com/api/users/login
1 > Content-Type: application/json; charset=UTF-8
1 > Content-Length: 60
1 > Host: conduit-api.bondaracademy.com
1 > Connection: Keep-Alive
1 > User-Agent: Apache-HttpClient/4.5.14 (Java/25.0.2)
1 > Accept-Encoding: gzip,deflate
{"user":{"email":"kardemo3@test.com","password":"Welcome1"}}

15:30:49.064 [main] DEBUG com.intuit.karate - response time in milliseconds: 282
1 < 200
1 < x-powered-by: Express
1 < vary: Origin
1 < content-type: application/json; charset=utf-8
1 < etag: W/"127-/sgRMftUs3Qh1zDPAoTWEVTdjM4"
1 < x-cloud-trace-context: 0c18ac8a78372b5429bdd63a978e0bb0
1 < date: Wed, 11 Feb 2026 20:30:49 GMT
1 < server: Google Frontend
1 < Content-Length: 295
{"user":{"email":"kardemo3@test.com","username":"kardemo3","bio":null,"image":"https://api.realworld.io/images/smiley-cyrus.jpeg","token":"eyJhbGciOiJIUzI1NiIsInR5cCI6IkpXVCJ9.eyJ1c2VyIjp7ImlkIjoxNzM3fSwiaWF0IjoxNzcwODQxODQ5LCJleHAiOjE3NzYwMjU4NDl9.XTX-zcsAeqLr2CvsKPcdw4dXRHC384OE6uu9zH2hSBM"}}

15:30:49.066 [main] INFO  com.intuit.karate - [print] INSIDE HELPER - TOKEN IS >>> eyJhbGciOiJIUzI1NiIsInR5cCI6IkpXVCJ9.eyJ1c2VyIjp7ImlkIjoxNzM3fSwiaWF0IjoxNzcwODQxODQ5LCJleHAiOjE3NzYwMjU4NDl9.XTX-zcsAeqLr2CvsKPcdw4dXRHC384OE6uu9zH2hSBM 
15:30:49.176 [GatlingSystem-akka.actor.default-dispatcher-7] INFO  i.g.c.stats.writer.LogFileDataWriter - Initializing
15:30:49.176 [GatlingSystem-akka.actor.default-dispatcher-5] INFO  i.g.c.stats.writer.ConsoleDataWriter - Initializing
15:30:49.181 [GatlingSystem-akka.actor.default-dispatcher-5] INFO  i.g.c.stats.writer.ConsoleDataWriter - Initialized
15:30:49.183 [GatlingSystem-akka.actor.default-dispatcher-7] INFO  i.g.c.stats.writer.LogFileDataWriter - Initialized
15:30:49.200 [GatlingSystem-akka.actor.default-dispatcher-7] INFO  i.g.c.c.inject.open.OpenWorkload - Scenario io.gatling.core.scenario.Scenario@7480870 has finished injecting
15:30:49.201 [GatlingSystem-akka.actor.default-dispatcher-7] INFO  i.g.core.controller.inject.Injector - All scenarios have finished injecting
15:30:49.206 [gatling-1-3] INFO  com.intuit.karate.Runner - karate.env is: 'perf'
15:30:49.206 [gatling-1-1] INFO  com.intuit.karate.Runner - karate.env is: 'perf'
15:30:49.206 [gatling-1-2] INFO  com.intuit.karate.Runner - karate.env is: 'perf'
15:30:49.247 [gatling-1-1] DEBUG com.intuit.karate.Suite - [config] classpath:karate-config.js
15:30:49.247 [gatling-1-2] DEBUG com.intuit.karate.Suite - [config] classpath:karate-config.js
15:30:49.247 [gatling-1-3] DEBUG com.intuit.karate.Suite - [config] classpath:karate-config.js
15:30:49.302 [GatlingSystem-akka.actor.default-dispatcher-6] INFO  com.intuit.karate - karate.env system property was: perf 
15:30:49.302 [GatlingSystem-akka.actor.default-dispatcher-5] INFO  com.intuit.karate - karate.env system property was: perf 
15:30:49.302 [GatlingSystem-akka.actor.default-dispatcher-7] INFO  com.intuit.karate - karate.env system property was: perf 
15:30:49.338 [GatlingSystem-akka.actor.default-dispatcher-6] INFO  com.intuit.karate - [print] === TOKEN BEING USED: eyJhbGciOiJIUzI1NiIsInR5cCI6Ik... === 
15:30:49.338 [GatlingSystem-akka.actor.default-dispatcher-5] INFO  com.intuit.karate - [print] === TOKEN BEING USED: eyJhbGciOiJIUzI1NiIsInR5cCI6Ik... === 
15:30:49.338 [GatlingSystem-akka.actor.default-dispatcher-7] INFO  com.intuit.karate - [print] === TOKEN BEING USED: eyJhbGciOiJIUzI1NiIsInR5cCI6Ik... === 
15:30:49.363 [GatlingSystem-akka.actor.default-dispatcher-5] INFO  com.intuit.karate - [print] === USING TITLE: title2 DESCRIPTION: description2 === 
15:30:49.363 [GatlingSystem-akka.actor.default-dispatcher-7] INFO  com.intuit.karate - [print] === USING TITLE: title3 DESCRIPTION: description3 === 
15:30:49.363 [GatlingSystem-akka.actor.default-dispatcher-6] INFO  com.intuit.karate - [print] === USING TITLE: title1 DESCRIPTION: description1 === 
15:30:49.516 [GatlingSystem-akka.actor.default-dispatcher-6] INFO  com.intuit.karate - [print] === FINAL UNIQUE TITLE: title1-1770841849368 === 
15:30:49.516 [GatlingSystem-akka.actor.default-dispatcher-7] INFO  com.intuit.karate - [print] === FINAL UNIQUE TITLE: title3-1770841849368 === 
15:30:49.516 [GatlingSystem-akka.actor.default-dispatcher-5] INFO  com.intuit.karate - [print] === FINAL UNIQUE TITLE: title2-1770841849368 === 
15:30:49.524 [GatlingSystem-akka.actor.default-dispatcher-7] DEBUG com.intuit.karate - request:
1 > POST https://conduit-api.bondaracademy.com/api/articles
1 > Authorization: Token eyJhbGciOiJIUzI1NiIsInR5cCI6IkpXVCJ9.eyJ1c2VyIjp7ImlkIjoxNzM3fSwiaWF0IjoxNzcwODQxODQ5LCJleHAiOjE3NzYwMjU4NDl9.XTX-zcsAeqLr2CvsKPcdw4dXRHC384OE6uu9zH2hSBM
1 > Content-Type: application/json; charset=UTF-8
1 > Content-Length: 211
1 > Host: conduit-api.bondaracademy.com
1 > Connection: Keep-Alive
1 > User-Agent: Apache-HttpClient/4.5.14 (Java/25.0.2)
1 > Accept-Encoding: gzip,deflate
{"article":{"title":"title3-1770841849368","description":"description3","body":"Why is it that when one man builds a wall, the next man immediately needs to know what's on the other side?","tagList":["GitHub"]}}

15:30:49.524 [GatlingSystem-akka.actor.default-dispatcher-5] DEBUG com.intuit.karate - request:
1 > POST https://conduit-api.bondaracademy.com/api/articles
1 > Authorization: Token eyJhbGciOiJIUzI1NiIsInR5cCI6IkpXVCJ9.eyJ1c2VyIjp7ImlkIjoxNzM2fSwiaWF0IjoxNzcwODQxODQ4LCJleHAiOjE3NzYwMjU4NDh9.o28nVPGZnSsoA8eIo71vL0iDahjcJyh8eKMQ5fJzyD4
1 > Content-Type: application/json; charset=UTF-8
1 > Content-Length: 119
1 > Host: conduit-api.bondaracademy.com
1 > Connection: Keep-Alive
1 > User-Agent: Apache-HttpClient/4.5.14 (Java/25.0.2)
1 > Accept-Encoding: gzip,deflate
{"article":{"title":"title2-1770841849368","description":"description2","body":"Winter is coming.","tagList":["Blog"]}}

15:30:49.524 [GatlingSystem-akka.actor.default-dispatcher-6] DEBUG com.intuit.karate - request:
1 > POST https://conduit-api.bondaracademy.com/api/articles
1 > Authorization: Token eyJhbGciOiJIUzI1NiIsInR5cCI6IkpXVCJ9.eyJ1c2VyIjp7ImlkIjoxNzM1fSwiaWF0IjoxNzcwODQxODQ4LCJleHAiOjE3NzYwMjU4NDh9.3n2i9NqrRrKmONYCzlchrxRxeGeVFtFPcapW6AW10rs
1 > Content-Type: application/json; charset=UTF-8
1 > Content-Length: 129
1 > Host: conduit-api.bondaracademy.com
1 > Connection: Keep-Alive
1 > User-Agent: Apache-HttpClient/4.5.14 (Java/25.0.2)
1 > Accept-Encoding: gzip,deflate
{"article":{"title":"title1-1770841849368","description":"description1","body":"Do the dead frighten you?","tagList":["GitHub"]}}

15:30:49.729 [GatlingSystem-akka.actor.default-dispatcher-5] DEBUG com.intuit.karate - response time in milliseconds: 205
1 < 201
1 < x-powered-by: Express
1 < vary: Origin
1 < content-type: application/json; charset=utf-8
1 < etag: W/"187-rH7oOvuU7D7Lq8j6wR8zQXaesME"
1 < x-cloud-trace-context: 5a77654a57faefb3f7c4a9fc5d804b1d
1 < date: Wed, 11 Feb 2026 20:30:49 GMT
1 < server: Google Frontend
1 < Content-Length: 391
{"article":{"slug":"title2-1770841849368-1736","title":"title2-1770841849368","description":"description2","body":"Winter is coming.","tagList":["Blog"],"createdAt":"2026-02-11T20:30:49.710Z","updatedAt":"2026-02-11T20:30:49.710Z","favorited":false,"favoritesCount":0,"author":{"username":"kardemo2","bio":null,"image":"https://api.realworld.io/images/smiley-cyrus.jpeg","following":false}}}

15:30:49.732 [GatlingSystem-akka.actor.default-dispatcher-6] DEBUG com.intuit.karate - response time in milliseconds: 207
1 < 201
1 < x-powered-by: Express
1 < vary: Origin
1 < content-type: application/json; charset=utf-8
1 < etag: W/"191-BlL8XTL7/IQOKLCsrQUOzIbDDII"
1 < x-cloud-trace-context: c0474433ae7460d27a95bfdb9737e633
1 < date: Wed, 11 Feb 2026 20:30:49 GMT
1 < server: Google Frontend
1 < Content-Length: 401
{"article":{"slug":"title1-1770841849368-1735","title":"title1-1770841849368","description":"description1","body":"Do the dead frighten you?","tagList":["GitHub"],"createdAt":"2026-02-11T20:30:49.708Z","updatedAt":"2026-02-11T20:30:49.708Z","favorited":false,"favoritesCount":0,"author":{"username":"kardemo1","bio":null,"image":"https://api.realworld.io/images/smiley-cyrus.jpeg","following":false}}}

15:30:49.732 [GatlingSystem-akka.actor.default-dispatcher-5] INFO  com.intuit.karate - [print] === ARTICLE CREATED with ID: title2-1770841849368-1736 === 
15:30:49.735 [GatlingSystem-akka.actor.default-dispatcher-6] INFO  com.intuit.karate - [print] === ARTICLE CREATED with ID: title1-1770841849368-1735 === 
15:30:49.737 [GatlingSystem-akka.actor.default-dispatcher-6] DEBUG com.intuit.karate - request:
2 > GET https://conduit-api.bondaracademy.com/api/articles?limit=10&offset=0
2 > Authorization: Token eyJhbGciOiJIUzI1NiIsInR5cCI6IkpXVCJ9.eyJ1c2VyIjp7ImlkIjoxNzM1fSwiaWF0IjoxNzcwODQxODQ4LCJleHAiOjE3NzYwMjU4NDh9.3n2i9NqrRrKmONYCzlchrxRxeGeVFtFPcapW6AW10rs
2 > Host: conduit-api.bondaracademy.com
2 > Connection: Keep-Alive
2 > User-Agent: Apache-HttpClient/4.5.14 (Java/25.0.2)
2 > Accept-Encoding: gzip,deflate


15:30:49.737 [GatlingSystem-akka.actor.default-dispatcher-5] DEBUG com.intuit.karate - request:
2 > GET https://conduit-api.bondaracademy.com/api/articles?limit=10&offset=0
2 > Authorization: Token eyJhbGciOiJIUzI1NiIsInR5cCI6IkpXVCJ9.eyJ1c2VyIjp7ImlkIjoxNzM2fSwiaWF0IjoxNzcwODQxODQ4LCJleHAiOjE3NzYwMjU4NDh9.o28nVPGZnSsoA8eIo71vL0iDahjcJyh8eKMQ5fJzyD4
2 > Host: conduit-api.bondaracademy.com
2 > Connection: Keep-Alive
2 > User-Agent: Apache-HttpClient/4.5.14 (Java/25.0.2)
2 > Accept-Encoding: gzip,deflate


15:30:49.740 [GatlingSystem-akka.actor.default-dispatcher-7] DEBUG com.intuit.karate - response time in milliseconds: 216
1 < 201
1 < x-powered-by: Express
1 < vary: Origin
1 < content-type: application/json; charset=utf-8
1 < etag: W/"1e3-Sd9UpxMxrXyQvYKx5XJRmS37/TY"
1 < x-cloud-trace-context: a1ae1be7196185ee9ad13c5741a16989
1 < date: Wed, 11 Feb 2026 20:30:49 GMT
1 < server: Google Frontend
1 < Content-Length: 483
{"article":{"slug":"title3-1770841849368-1737","title":"title3-1770841849368","description":"description3","body":"Why is it that when one man builds a wall, the next man immediately needs to know what's on the other side?","tagList":["GitHub"],"createdAt":"2026-02-11T20:30:49.729Z","updatedAt":"2026-02-11T20:30:49.729Z","favorited":false,"favoritesCount":0,"author":{"username":"kardemo3","bio":null,"image":"https://api.realworld.io/images/smiley-cyrus.jpeg","following":false}}}

15:30:49.743 [GatlingSystem-akka.actor.default-dispatcher-7] INFO  com.intuit.karate - [print] === ARTICLE CREATED with ID: title3-1770841849368-1737 === 
15:30:49.745 [GatlingSystem-akka.actor.default-dispatcher-7] DEBUG com.intuit.karate - request:
2 > GET https://conduit-api.bondaracademy.com/api/articles?limit=10&offset=0
2 > Authorization: Token eyJhbGciOiJIUzI1NiIsInR5cCI6IkpXVCJ9.eyJ1c2VyIjp7ImlkIjoxNzM3fSwiaWF0IjoxNzcwODQxODQ5LCJleHAiOjE3NzYwMjU4NDl9.XTX-zcsAeqLr2CvsKPcdw4dXRHC384OE6uu9zH2hSBM
2 > Host: conduit-api.bondaracademy.com
2 > Connection: Keep-Alive
2 > User-Agent: Apache-HttpClient/4.5.14 (Java/25.0.2)
2 > Accept-Encoding: gzip,deflate


15:30:49.949 [GatlingSystem-akka.actor.default-dispatcher-6] DEBUG com.intuit.karate - response time in milliseconds: 212
2 < 200
2 < x-powered-by: Express
2 < vary: Origin
2 < content-type: application/json; charset=utf-8
2 < etag: W/"10bc-p73ajPDRxVsfc0P59CwjiqLymBE"
2 < x-cloud-trace-context: 81a461e56c4f551209c0caf69ae594d7
2 < date: Wed, 11 Feb 2026 20:30:49 GMT
2 < server: Google Frontend
2 < Content-Length: 4284
{"articles":[{"slug":"title1-1770841849368-1735","title":"title1-1770841849368","description":"description1","body":"Do the dead frighten you?","tagList":["GitHub"],"createdAt":"2026-02-11T20:30:49.708Z","updatedAt":"2026-02-11T20:30:49.708Z","favorited":false,"favoritesCount":0,"author":{"username":"kardemo1","bio":null,"image":"https://api.realworld.io/images/smiley-cyrus.jpeg","following":false}},{"slug":"title3-1770841625650-1735","title":"title3-1770841625650","description":"description3","body":"Things are not always as they seemed, much that may seem evil can be good.","tagList":["Start for Free"],"createdAt":"2026-02-11T20:27:06.016Z","updatedAt":"2026-02-11T20:27:06.016Z","favorited":false,"favoritesCount":0,"author":{"username":"kardemo1","bio":null,"image":"https://api.realworld.io/images/smiley-cyrus.jpeg","following":false}},{"slug":"title1-1735","title":"title1","description":"description1","body":"Power is a curious thing. Who lives, Who dies. Power resides where men believe it resides. It is a trick, A shadow on the wall.","tagList":["GitHub"],"createdAt":"2026-02-11T20:21:05.628Z","updatedAt":"2026-02-11T20:21:05.628Z","favorited":false,"favoritesCount":0,"author":{"username":"kardemo1","bio":null,"image":"https://api.realworld.io/images/smiley-cyrus.jpeg","following":false}},{"slug":"title2-1735","title":"title2","description":"description2","body":"Some old wounds never truly heal, and bleed again at the slightest word.","tagList":["Blog"],"createdAt":"2026-02-11T20:15:27.642Z","updatedAt":"2026-02-11T20:15:27.642Z","favorited":false,"favoritesCount":0,"author":{"username":"kardemo1","bio":null,"image":"https://api.realworld.io/images/smiley-cyrus.jpeg","following":false}},{"slug":"Article_ZOsj36Tn-1735","title":"Article_ZOsj36Tn","description":"Description for performance 638","body":"Body content for testing purposes - McssTQ3rgrsG7X3zce7T","tagList":[],"createdAt":"2025-08-25T16:19:44.828Z","updatedAt":"2025-08-25T16:19:44.828Z","favorited":false,"favoritesCount":0,"author":{"username":"kardemo1","bio":null,"image":"https://api.realworld.io/images/smiley-cyrus.jpeg","following":false}},{"slug":"Article_qdTTfAYs-1735","title":"Article_qdTTfAYs","description":"Description for performance  14","body":"Body content for testing purposes - DTCCeblrzCZIV3xq7VDp","tagList":[],"createdAt":"2025-08-25T16:19:41.794Z","updatedAt":"2025-08-25T16:19:41.794Z","favorited":false,"favoritesCount":0,"author":{"username":"kardemo1","bio":null,"image":"https://api.realworld.io/images/smiley-cyrus.jpeg","following":false}},{"slug":"Article_dzeFPKsT-1735","title":"Article_dzeFPKsT","description":"Description for performance 76","body":"Body content for testing purposes - Ba584UJ2ch09VG1nMF8a","tagList":[],"createdAt":"2025-08-25T16:19:37.181Z","updatedAt":"2025-08-25T16:19:37.181Z","favorited":false,"favoritesCount":0,"author":{"username":"kardemo1","bio":null,"image":"https://api.realworld.io/images/smiley-cyrus.jpeg","following":false}},{"slug":"Article_GXHOTDcD-1735","title":"Article_GXHOTDcD","description":"Description for performance  5","body":"Body content for testing purposes - H6vXAWHXgnDUKBpBhEr0","tagList":[],"createdAt":"2025-08-25T16:19:37.023Z","updatedAt":"2025-08-25T16:19:37.023Z","favorited":false,"favoritesCount":0,"author":{"username":"kardemo1","bio":null,"image":"https://api.realworld.io/images/smiley-cyrus.jpeg","following":false}},{"slug":"Article_KopsCSG2-1735","title":"Article_KopsCSG2","description":"Description for performance  12","body":"Body content for testing purposes - k6Zuq14HrrAsOJ1fgQg3","tagList":[],"createdAt":"2025-08-25T16:19:36.503Z","updatedAt":"2025-08-25T16:19:36.503Z","favorited":false,"favoritesCount":0,"author":{"username":"kardemo1","bio":null,"image":"https://api.realworld.io/images/smiley-cyrus.jpeg","following":false}},{"slug":"Article_0zp6ck87-1735","title":"Article_0zp6ck87","description":"Description for performance  10","body":"Body content for testing purposes - qlm5izK0moT0EGhCML7r","tagList":[],"createdAt":"2025-08-25T16:19:36.201Z","updatedAt":"2025-08-25T16:19:36.201Z","favorited":false,"favoritesCount":0,"author":{"username":"kardemo1","bio":null,"image":"https://api.realworld.io/images/smiley-cyrus.jpeg","following":false}}],"articlesCount":300}

15:30:49.949 [GatlingSystem-akka.actor.default-dispatcher-5] DEBUG com.intuit.karate - response time in milliseconds: 212
2 < 200
2 < x-powered-by: Express
2 < vary: Origin
2 < content-type: application/json; charset=utf-8
2 < etag: W/"102a-unyztfsnjNXS8saZR271CF5kkaw"
2 < x-cloud-trace-context: 21964ec35006947b99288a22e7f08248
2 < date: Wed, 11 Feb 2026 20:30:49 GMT
2 < server: Google Frontend
2 < Content-Length: 4138
{"articles":[{"slug":"title2-1770841849368-1736","title":"title2-1770841849368","description":"description2","body":"Winter is coming.","tagList":["Blog"],"createdAt":"2026-02-11T20:30:49.710Z","updatedAt":"2026-02-11T20:30:49.710Z","favorited":false,"favoritesCount":0,"author":{"username":"kardemo2","bio":null,"image":"https://api.realworld.io/images/smiley-cyrus.jpeg","following":false}},{"slug":"title2-1770841625650-1736","title":"title2-1770841625650","description":"description2","body":"There are no heroes...in life, the monsters win.","tagList":["Value-Focused"],"createdAt":"2026-02-11T20:27:06.014Z","updatedAt":"2026-02-11T20:27:06.014Z","favorited":false,"favoritesCount":0,"author":{"username":"kardemo2","bio":null,"image":"https://api.realworld.io/images/smiley-cyrus.jpeg","following":false}},{"slug":"title2-1736","title":"title2","description":"description2","body":"The North remembers.","tagList":["Slack"],"createdAt":"2026-02-11T20:21:05.621Z","updatedAt":"2026-02-11T20:21:05.621Z","favorited":false,"favoritesCount":0,"author":{"username":"kardemo2","bio":null,"image":"https://api.realworld.io/images/smiley-cyrus.jpeg","following":false}},{"slug":"title1-1736","title":"title1","description":"description1","body":"Knowledge could be more valuable than gold, more deadly than a dagger.","tagList":["Slack"],"createdAt":"2026-02-11T20:15:27.637Z","updatedAt":"2026-02-11T20:15:27.637Z","favorited":false,"favoritesCount":0,"author":{"username":"kardemo2","bio":null,"image":"https://api.realworld.io/images/smiley-cyrus.jpeg","following":false}},{"slug":"Article_yg2SR2qq-1736","title":"Article_yg2SR2qq","description":"Description for performance  17","body":"Body content for testing purposes - sbfF0GviBNnqTM4yeCAC","tagList":[],"createdAt":"2025-08-25T16:19:45.838Z","updatedAt":"2025-08-25T16:19:45.838Z","favorited":false,"favoritesCount":0,"author":{"username":"kardemo2","bio":null,"image":"https://api.realworld.io/images/smiley-cyrus.jpeg","following":false}},{"slug":"Article_EkadGawa-1736","title":"Article_EkadGawa","description":"Description for performance  15","body":"Body content for testing purposes - rI5hR01ge3K3FtPJON2g","tagList":[],"createdAt":"2025-08-25T16:19:42.815Z","updatedAt":"2025-08-25T16:19:42.815Z","favorited":false,"favoritesCount":0,"author":{"username":"kardemo2","bio":null,"image":"https://api.realworld.io/images/smiley-cyrus.jpeg","following":false}},{"slug":"Article_PWOG5vPn-1736","title":"Article_PWOG5vPn","description":"Description for performance  8","body":"Body content for testing purposes - T9tmJRaYYpQIutZObD8y","tagList":[],"createdAt":"2025-08-25T16:19:37.195Z","updatedAt":"2025-08-25T16:19:37.195Z","favorited":false,"favoritesCount":0,"author":{"username":"kardemo2","bio":null,"image":"https://api.realworld.io/images/smiley-cyrus.jpeg","following":false}},{"slug":"Article_w9uqmhUr-1736","title":"Article_w9uqmhUr","description":"Description for performance  6","body":"Body content for testing purposes - fuB6FHLwrgu8FlKsJSFt","tagList":[],"createdAt":"2025-08-25T16:19:37.186Z","updatedAt":"2025-08-25T16:19:37.186Z","favorited":false,"favoritesCount":0,"author":{"username":"kardemo2","bio":null,"image":"https://api.realworld.io/images/smiley-cyrus.jpeg","following":false}},{"slug":"Article_KMW1A8ct-1736","title":"Article_KMW1A8ct","description":"Description for performance  13","body":"Body content for testing purposes - eTRecowYo6e5LzMgb6UM","tagList":[],"createdAt":"2025-08-25T16:19:36.579Z","updatedAt":"2025-08-25T16:19:36.579Z","favorited":false,"favoritesCount":0,"author":{"username":"kardemo2","bio":null,"image":"https://api.realworld.io/images/smiley-cyrus.jpeg","following":false}},{"slug":"Article_KmuPS3Ef-1736","title":"Article_KmuPS3Ef","description":"Description for performance 706","body":"Body content for testing purposes - D9PoWDci0UKFsuYSlgSq","tagList":[],"createdAt":"2025-08-25T16:19:36.318Z","updatedAt":"2025-08-25T16:19:36.318Z","favorited":false,"favoritesCount":0,"author":{"username":"kardemo2","bio":null,"image":"https://api.realworld.io/images/smiley-cyrus.jpeg","following":false}}],"articlesCount":289}

15:30:49.953 [GatlingSystem-akka.actor.default-dispatcher-7] DEBUG com.intuit.karate - response time in milliseconds: 207
2 < 200
2 < x-powered-by: Express
2 < vary: Origin
2 < content-type: application/json; charset=utf-8
2 < etag: W/"10ef-cDCYS8QEfj0AJRVYct1ryJKY7Vc"
2 < x-cloud-trace-context: e55beeccea35715e6af024bb45bb42f4
2 < date: Wed, 11 Feb 2026 20:30:49 GMT
2 < server: Google Frontend
2 < Content-Length: 4335
{"articles":[{"slug":"title3-1770841849368-1737","title":"title3-1770841849368","description":"description3","body":"Why is it that when one man builds a wall, the next man immediately needs to know what's on the other side?","tagList":["GitHub"],"createdAt":"2026-02-11T20:30:49.729Z","updatedAt":"2026-02-11T20:30:49.729Z","favorited":false,"favoritesCount":0,"author":{"username":"kardemo3","bio":null,"image":"https://api.realworld.io/images/smiley-cyrus.jpeg","following":false}},{"slug":"title1-1770841625650-1737","title":"title1-1770841625650","description":"description1","body":"When the snows fall and the white winds blow, the lone wolf dies but the pack survives.","tagList":["Zoom"],"createdAt":"2026-02-11T20:27:06.017Z","updatedAt":"2026-02-11T20:27:06.017Z","favorited":false,"favoritesCount":0,"author":{"username":"kardemo3","bio":null,"image":"https://api.realworld.io/images/smiley-cyrus.jpeg","following":false}},{"slug":"title3-1737","title":"title3","description":"description3","body":"... a mind needs books as a sword needs a whetstone, if it is to keep its edge.","tagList":["GitHub"],"createdAt":"2026-02-11T20:15:27.648Z","updatedAt":"2026-02-11T20:15:27.648Z","favorited":false,"favoritesCount":0,"author":{"username":"kardemo3","bio":null,"image":"https://api.realworld.io/images/smiley-cyrus.jpeg","following":false}},{"slug":"Article_JVoK7QA2-1737","title":"Article_JVoK7QA2","description":"Description for performance  16","body":"Body content for testing purposes - nSfk2zSxG8nAsdUnaktk","tagList":[],"createdAt":"2025-08-25T16:19:43.805Z","updatedAt":"2025-08-25T16:19:43.805Z","favorited":false,"favoritesCount":0,"author":{"username":"kardemo3","bio":null,"image":"https://api.realworld.io/images/smiley-cyrus.jpeg","following":false}},{"slug":"Article_yrxQGBKR-1737","title":"Article_yrxQGBKR","description":"Description for performance  9","body":"Body content for testing purposes - edlwGsHgrsCko7pGTD21","tagList":[],"createdAt":"2025-08-25T16:19:37.194Z","updatedAt":"2025-08-25T16:19:37.194Z","favorited":false,"favoritesCount":0,"author":{"username":"kardemo3","bio":null,"image":"https://api.realworld.io/images/smiley-cyrus.jpeg","following":false}},{"slug":"Article_uUCWZHtr-1737","title":"Article_uUCWZHtr","description":"Description for performance 53","body":"Body content for testing purposes - d7xqW73bBP40GeA8fgIF","tagList":[],"createdAt":"2025-08-25T16:19:36.719Z","updatedAt":"2025-08-25T16:19:36.719Z","favorited":false,"favoritesCount":0,"author":{"username":"kardemo3","bio":null,"image":"https://api.realworld.io/images/smiley-cyrus.jpeg","following":false}},{"slug":"Article_qVgPzhL4-1737","title":"Article_qVgPzhL4","description":"Description for performance  11","body":"Body content for testing purposes - UG6A7cqgwxs5nxEfit18","tagList":[],"createdAt":"2025-08-25T16:19:36.404Z","updatedAt":"2025-08-25T16:19:36.404Z","favorited":false,"favoritesCount":0,"author":{"username":"kardemo3","bio":null,"image":"https://api.realworld.io/images/smiley-cyrus.jpeg","following":false}},{"slug":"Article_G8RChFdK-1737","title":"Article_G8RChFdK","description":"Description for performance 55","body":"Body content for testing purposes - OwtL2OSvbkzW6weLAubI","tagList":[],"createdAt":"2025-08-25T16:19:35.924Z","updatedAt":"2025-08-25T16:19:35.924Z","favorited":false,"favoritesCount":0,"author":{"username":"kardemo3","bio":null,"image":"https://api.realworld.io/images/smiley-cyrus.jpeg","following":false}},{"slug":"Article_lGtHlFxh-1737","title":"Article_lGtHlFxh","description":"Description for performance  2","body":"Body content for testing purposes - xPJ8keI7KfYdxj14Hx0S","tagList":[],"createdAt":"2025-08-25T16:19:35.895Z","updatedAt":"2025-08-25T16:19:35.895Z","favorited":false,"favoritesCount":0,"author":{"username":"kardemo3","bio":null,"image":"https://api.realworld.io/images/smiley-cyrus.jpeg","following":false}},{"slug":"Article_wviBAne8-1737","title":"Article_wviBAne8","description":"Description for performance  7","body":"Body content for testing purposes - NDYSByNOHX6wPIQPW28f","tagList":[],"createdAt":"2025-08-25T16:19:35.795Z","updatedAt":"2025-08-25T16:19:35.795Z","favorited":false,"favoritesCount":0,"author":{"username":"kardemo3","bio":null,"image":"https://api.realworld.io/images/smiley-cyrus.jpeg","following":false}}],"articlesCount":283}

15:30:49.954 [GatlingSystem-akka.actor.default-dispatcher-6] INFO  com.intuit.karate - [print] === GET ARTICLES response received === 
15:30:49.954 [GatlingSystem-akka.actor.default-dispatcher-5] INFO  com.intuit.karate - [print] === GET ARTICLES response received === 
15:30:49.957 [GatlingSystem-akka.actor.default-dispatcher-7] INFO  com.intuit.karate - [print] === GET ARTICLES response received === 
15:30:49.972 [GatlingSystem-akka.actor.default-dispatcher-7] INFO  com.intuit.karate - [print] === FOUND ARTICLE: {
  "slug": "title3-1770841849368-1737",
  "title": "title3-1770841849368",
  "description": "description3",
  "body": "Why is it that when one man builds a wall, the next man immediately needs to know what's on the other side?",
  "tagList": [
    "GitHub"
  ],
  "createdAt": "2026-02-11T20:30:49.729Z",
  "updatedAt": "2026-02-11T20:30:49.729Z",
  "favorited": false,
  "favoritesCount": 0,
  "author": {
    "username": "kardemo3",
    "bio": null,
    "image": "https://api.realworld.io/images/smiley-cyrus.jpeg",
    "following": false
  }
}
 === 
15:30:49.973 [GatlingSystem-akka.actor.default-dispatcher-5] INFO  com.intuit.karate - [print] === FOUND ARTICLE: {
  "slug": "title2-1770841849368-1736",
  "title": "title2-1770841849368",
  "description": "description2",
  "body": "Winter is coming.",
  "tagList": [
    "Blog"
  ],
  "createdAt": "2026-02-11T20:30:49.710Z",
  "updatedAt": "2026-02-11T20:30:49.710Z",
  "favorited": false,
  "favoritesCount": 0,
  "author": {
    "username": "kardemo2",
    "bio": null,
    "image": "https://api.realworld.io/images/smiley-cyrus.jpeg",
    "following": false
  }
}
 === 
15:30:49.972 [GatlingSystem-akka.actor.default-dispatcher-6] INFO  com.intuit.karate - [print] === FOUND ARTICLE: {
  "slug": "title1-1770841849368-1735",
  "title": "title1-1770841849368",
  "description": "description1",
  "body": "Do the dead frighten you?",
  "tagList": [
    "GitHub"
  ],
  "createdAt": "2026-02-11T20:30:49.708Z",
  "updatedAt": "2026-02-11T20:30:49.708Z",
  "favorited": false,
  "favoritesCount": 0,
  "author": {
    "username": "kardemo1",
    "bio": null,
    "image": "https://api.realworld.io/images/smiley-cyrus.jpeg",
    "following": false
  }
}
 === 
15:30:49.995 [GatlingSystem-akka.actor.default-dispatcher-7] INFO  com.intuit.karate - [print] === VERIFICATION COMPLETE === 
15:30:49.996 [GatlingSystem-akka.actor.default-dispatcher-6] INFO  com.intuit.karate - [print] === VERIFICATION COMPLETE === 
15:30:49.996 [GatlingSystem-akka.actor.default-dispatcher-5] INFO  com.intuit.karate - [print] === VERIFICATION COMPLETE === 
15:30:55.026 [GatlingSystem-akka.actor.default-dispatcher-5] DEBUG com.intuit.karate - request:
3 > DELETE https://conduit-api.bondaracademy.com/api/articles/title2-1770841849368-1736
3 > Authorization: Token eyJhbGciOiJIUzI1NiIsInR5cCI6IkpXVCJ9.eyJ1c2VyIjp7ImlkIjoxNzM2fSwiaWF0IjoxNzcwODQxODQ4LCJleHAiOjE3NzYwMjU4NDh9.o28nVPGZnSsoA8eIo71vL0iDahjcJyh8eKMQ5fJzyD4
3 > Host: conduit-api.bondaracademy.com
3 > Connection: Keep-Alive
3 > User-Agent: Apache-HttpClient/4.5.14 (Java/25.0.2)
3 > Accept-Encoding: gzip,deflate


15:30:55.026 [GatlingSystem-akka.actor.default-dispatcher-7] DEBUG com.intuit.karate - request:
3 > DELETE https://conduit-api.bondaracademy.com/api/articles/title3-1770841849368-1737
3 > Authorization: Token eyJhbGciOiJIUzI1NiIsInR5cCI6IkpXVCJ9.eyJ1c2VyIjp7ImlkIjoxNzM3fSwiaWF0IjoxNzcwODQxODQ5LCJleHAiOjE3NzYwMjU4NDl9.XTX-zcsAeqLr2CvsKPcdw4dXRHC384OE6uu9zH2hSBM
3 > Host: conduit-api.bondaracademy.com
3 > Connection: Keep-Alive
3 > User-Agent: Apache-HttpClient/4.5.14 (Java/25.0.2)
3 > Accept-Encoding: gzip,deflate


15:30:55.026 [GatlingSystem-akka.actor.default-dispatcher-6] DEBUG com.intuit.karate - request:
3 > DELETE https://conduit-api.bondaracademy.com/api/articles/title1-1770841849368-1735
3 > Authorization: Token eyJhbGciOiJIUzI1NiIsInR5cCI6IkpXVCJ9.eyJ1c2VyIjp7ImlkIjoxNzM1fSwiaWF0IjoxNzcwODQxODQ4LCJleHAiOjE3NzYwMjU4NDh9.3n2i9NqrRrKmONYCzlchrxRxeGeVFtFPcapW6AW10rs
3 > Host: conduit-api.bondaracademy.com
3 > Connection: Keep-Alive
3 > User-Agent: Apache-HttpClient/4.5.14 (Java/25.0.2)
3 > Accept-Encoding: gzip,deflate


15:30:55.220 [GatlingSystem-akka.actor.default-dispatcher-7] DEBUG com.intuit.karate - response time in milliseconds: 194
3 < 204
3 < x-powered-by: Express
3 < vary: Origin
3 < etag: W/"a-bAsFyilMr4Ra1hIU5PyoyFRunpI"
3 < x-cloud-trace-context: 5884ede1b197b215eaf52f7172ccaa76
3 < date: Wed, 11 Feb 2026 20:30:55 GMT
3 < content-type: text/html
3 < server: Google Frontend


15:30:55.222 [GatlingSystem-akka.actor.default-dispatcher-7] INFO  com.intuit.karate - [print] === ARTICLE DELETED === 
15:30:55.224 [GatlingSystem-akka.actor.default-dispatcher-7] DEBUG com.intuit.karate - request:
4 > GET https://conduit-api.bondaracademy.com/api/articles?limit=10&offset=0
4 > Host: conduit-api.bondaracademy.com
4 > Connection: Keep-Alive
4 > User-Agent: Apache-HttpClient/4.5.14 (Java/25.0.2)
4 > Accept-Encoding: gzip,deflate


15:30:55.229 [GatlingSystem-akka.actor.default-dispatcher-5] DEBUG com.intuit.karate - response time in milliseconds: 203
3 < 204
3 < x-powered-by: Express
3 < vary: Origin
3 < etag: W/"a-bAsFyilMr4Ra1hIU5PyoyFRunpI"
3 < x-cloud-trace-context: 48b2e31d882c8cfacc6cbe06be744b46
3 < date: Wed, 11 Feb 2026 20:30:55 GMT
3 < content-type: text/html
3 < server: Google Frontend


15:30:55.232 [GatlingSystem-akka.actor.default-dispatcher-5] INFO  com.intuit.karate - [print] === ARTICLE DELETED === 
15:30:55.233 [GatlingSystem-akka.actor.default-dispatcher-5] DEBUG com.intuit.karate - request:
4 > GET https://conduit-api.bondaracademy.com/api/articles?limit=10&offset=0
4 > Host: conduit-api.bondaracademy.com
4 > Connection: Keep-Alive
4 > User-Agent: Apache-HttpClient/4.5.14 (Java/25.0.2)
4 > Accept-Encoding: gzip,deflate


15:30:55.235 [GatlingSystem-akka.actor.default-dispatcher-6] DEBUG com.intuit.karate - response time in milliseconds: 208
3 < 204
3 < x-powered-by: Express
3 < vary: Origin
3 < etag: W/"a-bAsFyilMr4Ra1hIU5PyoyFRunpI"
3 < x-cloud-trace-context: fdc76db0e158e361656a65d0078ef86d
3 < date: Wed, 11 Feb 2026 20:30:55 GMT
3 < content-type: text/html
3 < server: Google Frontend


15:30:55.237 [GatlingSystem-akka.actor.default-dispatcher-6] INFO  com.intuit.karate - [print] === ARTICLE DELETED === 
15:30:55.238 [GatlingSystem-akka.actor.default-dispatcher-6] DEBUG com.intuit.karate - request:
4 > GET https://conduit-api.bondaracademy.com/api/articles?limit=10&offset=0
4 > Host: conduit-api.bondaracademy.com
4 > Connection: Keep-Alive
4 > User-Agent: Apache-HttpClient/4.5.14 (Java/25.0.2)
4 > Accept-Encoding: gzip,deflate


15:30:55.923 [GatlingSystem-akka.actor.default-dispatcher-7] DEBUG com.intuit.karate - response time in milliseconds: 697
4 < 200
4 < x-powered-by: Express
4 < vary: Origin
4 < content-type: application/json; charset=utf-8
4 < etag: W/"43a9-pqdQxP+KQGbFJE+UM+gzQW76HzQ"
4 < x-cloud-trace-context: 5d6bcbc66388dc43bb08addcc22d2bd1
4 < date: Wed, 11 Feb 2026 20:30:55 GMT
4 < server: Google Frontend
4 < Content-Length: 17321
{"articles":[{"slug":"Discover-Bondar-Academy:-Your-Gateway-to-Efficient-Learning-1","title":"Discover Bondar Academy: Your Gateway to Efficient Learning","description":"Discover Bondar Academy's unique place in the educational landscape, where value-focused and efficient learning approaches converge. Our goal is to rapidly enhance your professional technical skills, boosting your market competitiveness and paving the way for higher-paying job opportunities. The speed of your progress is in your hands – you set the pace, and we provide the solutions and support to help you achieve your desired outcomes.","body":"Bondar Academy is a leading platform for efficient education, designed to boost your technical skills and advance your career in Quality Assurance (QA). Our program features a balanced mix of pre-recorded lectures and live sessions, allowing each student to study at their own pace and at a time that suits them. \n\nOur instructors are readily available on our Slack Workspace for support. Whether it's a quick question or a more complex issue requiring a Zoom call or Slack Huddle for screen sharing and live discussion, we're here to assist. Additionally, each class comes with a comprehensive question bank for self-assessment. Following each lecture, you have the opportunity to validate your understanding and readiness to progress to the next topic. You set the pace, and we provide the solutions to ensure you achieve your desired outcomes.\n\nSignUp today: https://www.bondaracademy.com","tagList":["qa career","Bondar Academy","QA Skills","Value-Focused"],"createdAt":"2024-01-27T21:52:32.682Z","updatedAt":"2024-01-27T21:52:32.682Z","favorited":false,"favoritesCount":1711,"author":{"username":"Artem Bondar","bio":null,"image":"https://storage.googleapis.com/bondar-academy-visuals/Android.png","following":false}},{"slug":"The-value-of-pre-recorded-video-classes.-The-most-efficient-approach-to-tranfer-the-knowledge-1","title":"The value of pre-recorded video classes. The most efficient approach to tranfer the knowledge","description":"As educational practices evolve, video tutorials have emerged as the most efficient method for imparting theoretical knowledge. At Bondar Academy, we prioritize expertly structured and crafted video tutorials, ensuring you learn quickly and effectively and advance your skills.","body":"At Bondar Academy, we prioritize the value of your time and the efficiency of your education, distinguishing our approach from traditional colleges and live boot camps. Forget long, tedious live lectures on a fixed schedule. With us, you learn at your convenience and pace through optimized, structured video lectures. \n\nWe understand your goal is rapid knowledge acquisition. Our pre-recorded and well-organized lectures are designed precisely for this, ensuring no slowdowns from group dynamics or unrelated instructor anecdotes. \n\nDive straight into the subject matter, learn efficiently, and if questions arise, our immediate support on the Slack Workspace is there to streamline your learning process and swiftly remove any roadblocks.","tagList":["Bondar Academy","Video Lectures","Tutorials"],"createdAt":"2024-01-27T21:50:38.825Z","updatedAt":"2024-01-27T21:50:38.825Z","favorited":false,"favoritesCount":453,"author":{"username":"Artem Bondar","bio":null,"image":"https://storage.googleapis.com/bondar-academy-visuals/Android.png","following":false}},{"slug":"Mastering-Knowledge-with-Self-Assessments:-Identifying-and-Bridging-Learning-Gaps-in-Education-1","title":"Mastering Knowledge with Self-Assessments: Identifying and Bridging Learning Gaps in Education","description":"Self-assessment is an essential tool for gauging your understanding of lecture material. It answers critical questions: Have you grasped everything correctly? Is there anything you've missed? Are you prepared for the next lesson? These assessments ensure that you build a solid foundation of knowledge, confidently and efficiently paving the way for swift progress and effective learning outcomes.","body":"Traditional educational institutions, such as colleges and universities, commonly use tests and assessments to measure knowledge. This approach is effective for gauging student performance, but it's not without drawbacks. In these settings, assessments after every lecture aren't feasible due to the time required for teachers to evaluate them. This often leads to students having a false sense of understanding, believing they've comprehended all aspects of a lecture when, in reality, small but crucial details might be missed. These 'knowledge gaps' can accumulate, making more complex topics difficult to grasp later on.\n\nAt Bondar Academy, we address this challenge by implementing self-assessments after every lecture. These are designed to cover key questions that ensure a thorough understanding of the material, essential for comfort and success in future lectures. The number of questions varies, ranging from 3-4 to 15-20, depending on the lecture's significance and the volume of critical information. With these self-assessments, students receive immediate feedback, helping them determine if they've fully understood the lecture or if they need to revisit certain parts or seek assistance from our instructors in the Slack Workspace.","tagList":["Self-Assessment","Test","Exam"],"createdAt":"2024-01-27T21:48:36.340Z","updatedAt":"2024-01-27T21:48:36.340Z","favorited":false,"favoritesCount":224,"author":{"username":"Artem Bondar","bio":null,"image":"https://storage.googleapis.com/bondar-academy-visuals/Android.png","following":false}},{"slug":"Practical-Implementation-of-Skills:-Homework-Assignments-with-Instructor-Supervision-1","title":"Practical Implementation of Skills: Homework Assignments with Instructor Supervision","description":"Knowledge or skills not reinforced through practical exercises can quickly fade, often faster than anticipated. Homework, particularly in tasks like writing your own code, is crucial for honing these skills and cementing your understanding. At Bondar Academy, we ensure this vital step by assigning homework, rigorously evaluating the outcomes, and providing valuable feedback to guide your learning journey.","body":"Homework assignments are a fundamental component of the educational methodology at Bondar Academy, especially in technical education where learning a new programming language or framework is involved. The key to mastering these skills lies in writing code; the more you write, the better you become. However, merely replicating code seen in lectures leads to minimal learning. Often, this approach leaves students unclear about why their code works the way it does, as they focus on copying rather than understanding.\n\nA homework assignment at Bondar Academy starts with a blank page, challenging students to apply all their knowledge to write the first line of code. This process is more demanding than it appears. As you write each line, understanding and reasoning grow, making your code meaningful and comprehensible. You learn to write code that makes sense to you, enhancing your understanding.\n\nIn completing these assignments, you engage the 'thinking' part of your brain, transforming theoretical knowledge into practical skills. Recognizing the crucial role of homework in learning, our instructors at Bondar Academy are always available to assist with any challenges. Just reach out on Slack, and you'll receive the guidance and support needed for successful completion. At Bondar Academy, we fully understand the importance of homework assignments for the best outcome, so our instructors are always here to assist if you have any difficulties with completing them. Just ask in Slack and you'll be guided and assisted.","tagList":["Homework","Assignments","Practice","Coding"],"createdAt":"2024-01-27T21:46:09.512Z","updatedAt":"2024-01-27T21:46:09.512Z","favorited":false,"favoritesCount":102,"author":{"username":"Artem Bondar","bio":null,"image":"https://storage.googleapis.com/bondar-academy-visuals/Android.png","following":false}},{"slug":"Embracing-Daily-Git-Routines:-Real-Code-Reviews-on-GitHub-for-Effective-Coding-Practice.-1","title":"Embracing Daily Git Routines: Real Code Reviews on GitHub for Effective Coding Practice.","description":"Learning to code is just one part of a larger skill set; effectively managing and organizing code is equally crucial. At Bondar Academy, we integrate Git and platforms like GitHub into the core learning cycle. With us, using Git becomes a regular routine, where organizing code in branches, storing it in remote repositories, and collaborating with others through strategies like branching, merging, pull requests, and code reviews are standard practice.","body":"At Bondar Academy, mastering Git and GitHub is a fundamental step before delving into frameworks or programming languages. Effective code management, organization, and storage are crucial skills, and Git is the premier tool for this purpose. However, many learners initially find Git challenging due to its complexity and non-intuitive nature. To address this, our instructors have developed structured lectures on Git and GitHub, ensuring an efficient and thorough understanding of these essential tools. Git lessons are a mandatory prerequisite in every class. For a glimpse into our teaching approach, visit our YouTube channel: https://www.youtube.com/@BondarAcademy/playlists.\n\nIn our courses, all homework assignments are reviewed using GitHub pull requests, mirroring the workflow in real-world software development environments. Students submit their code to their working branch for review. Our instructors then provide feedback, suggesting modifications or adjustments for pull request approval. This iterative process is repeated throughout the course, establishing Git usage as a natural and routine part of your coding practice.","tagList":["YouTube","Git","GitHub"],"createdAt":"2024-01-27T21:42:31.491Z","updatedAt":"2024-01-27T21:42:31.491Z","favorited":false,"favoritesCount":103,"author":{"username":"Artem Bondar","bio":null,"image":"https://storage.googleapis.com/bondar-academy-visuals/Android.png","following":false}},{"slug":"Engaging-in-Live-Zoom-Sessions:-Interact-with-Instructors-and-Peers-Ask-Questions-in-Real-Time-1","title":"Engaging in Live Zoom Sessions: Interact with Instructors and Peers, Ask Questions in Real-Time","description":"In our increasingly online world, personal engagement remains a crucial element of effective learning. At Bondar Academy, we address this by hosting live Zoom sessions. These sessions provide a platform for live interaction between instructors and students, and among students themselves. Complementing our Slack channel, these live sessions offer an additional avenue for asking questions and engaging in meaningful discussions.","body":"In our increasingly online world, personal engagement remains a crucial element of effective learning. \nAt Bondar Academy, we address this by hosting live Zoom sessions. These sessions provide a platform for live interaction between instructors and students and among students themselves. Complementing our Slack channel, these live sessions offer an additional avenue for asking questions and engaging in meaningful discussions.","tagList":["Zoom","Live Sessions"],"createdAt":"2024-01-27T21:39:50.587Z","updatedAt":"2024-01-27T21:39:50.587Z","favorited":false,"favoritesCount":75,"author":{"username":"Artem Bondar","bio":null,"image":"https://storage.googleapis.com/bondar-academy-visuals/Android.png","following":false}},{"slug":"Utilizing-Slack-for-Continuous-Engagement:-Connect-with-Instructors-Share-Insights-and-Collaborate-1","title":"Utilizing Slack for Continuous Engagement: Connect with Instructors, Share Insights, and Collaborate","description":"Slack stands out as a widely-used messaging and collaboration platform, celebrated for its convenience and versatility. It enables simultaneous participation in multiple conversations, supports comments and emoji reactions, and allows users to share screenshots, videos, and code snippets. Its functionality extends to making calls in huddle sessions. Given these robust features, Bondar Academy has chosen Slack as our primary communication platform, facilitating seamless interaction and collaboration.","body":"As a new member of Bondar Academy, one of your initial steps should be registering for the Bondar Academy Slack Workspace. Upon registration at Bondar Academy, you'll receive a welcome email containing the URL to join. This Workspace serves as a central hub for communication with instructors and fellow students. Whether you have a question, need to share code, or want to upload screenshots, Slack makes it easy and efficient. Moreover, its compatibility with both desktop and mobile devices, by downloading and installing the app, ensures you can stay connected with your instructors and the community wherever you go.","tagList":["Slack","Community","Collaboration"],"createdAt":"2024-01-27T21:38:27.992Z","updatedAt":"2024-01-27T21:38:27.992Z","favorited":false,"favoritesCount":70,"author":{"username":"Artem Bondar","bio":null,"image":"https://storage.googleapis.com/bondar-academy-visuals/Android.png","following":false}},{"slug":"Stay-Ahead-with-Bondar-Academy:-Subscribe-to-Our-YouTube-channel-for-Latest-Tech-and-Education-Updates-1","title":"Stay Ahead with Bondar Academy: Subscribe to Our YouTube channel for Latest Tech and Education Updates","description":"Who doesn't appreciate high-quality free resources? YouTube serves as an ideal platform for sharing the latest news, updates, and a wealth of tips and tricks in test automation and technology. Keep abreast of these invaluable insights by subscribing to the @bondaracademy YouTube channel.","body":"Who doesn't appreciate high-quality free resources? \n\nYouTube serves as an ideal platform for sharing the latest news, updates, and a wealth of tips and tricks in test automation and technology. \n\nKeep abreast of these invaluable insights by subscribing to our YouTube channel: https://www.youtube.com/@bondaracademy","tagList":["YouTube"],"createdAt":"2024-01-27T21:36:32.360Z","updatedAt":"2024-01-27T21:36:32.360Z","favorited":false,"favoritesCount":66,"author":{"username":"Artem Bondar","bio":null,"image":"https://storage.googleapis.com/bondar-academy-visuals/Android.png","following":false}},{"slug":"Explore-the-Latest-in-Learning:-Bondar-Academy-Blog's-Educational-Insights-from-Our-Experts-1","title":"Explore the Latest in Learning: Bondar Academy Blog's Educational Insights from Our Experts","description":"Discover a treasure trove of knowledge on the Bondar Academy blog. Here, we share an array of tips, techniques, and valuable educational materials, all designed to keep you abreast of the latest technological trends and best practices. For easy access and continual learning, consider bookmarking our blog in your browser.","body":"On the Bondar Academy blog, we consistently provide insightful and pertinent updates on the latest in technology, test automation, and industry best practices. For your convenience, we recommend adding our blog to your browser's bookmarks. Our commitment to keeping you informed is reflected in our weekly posts, each focusing on a significant topic of the week.\n\nWe value your input and invite you to contribute to our ever-evolving content. If you have any suggestions or specific topics you'd like us to explore, please feel free to share your ideas in the Bondar Academy Slack workspace. \n\nDiscover our blog here: https://www.bondaracademy.com/blog\n","tagList":["Blog"],"createdAt":"2024-01-27T21:34:04.531Z","updatedAt":"2024-01-27T21:34:04.531Z","favorited":false,"favoritesCount":67,"author":{"username":"Artem Bondar","bio":null,"image":"https://storage.googleapis.com/bondar-academy-visuals/Android.png","following":false}},{"slug":"Take-the-Next-Step:-Join-Bondar-Academy-Today-and-Enroll-into-the-class-1","title":"Take the Next Step: Join Bondar Academy Today and Enroll into the class","description":"Are you prepared to transform your educational journey? Begin by signing up at Bondar Academy, then register for our Slack Workspace to start exploring. We offer a range of classes, with some being completely free and others featuring free previews of the initial sections. This allows you to experience our content and teaching approach firsthand, helping you make an informed decision before enrolling in a class.","body":"Are you prepared to transform your educational journey? \n\nBegin by signing up at Bondar Academy, then register for our Slack Workspace to start exploring. We offer a range of classes, with some being completely free and others featuring free previews of the initial sections. This allows you to experience our content and teaching approach firsthand, helping you make an informed decision before enrolling in a class.\n\nClick here to enroll: https://www.bondaracademy.com","tagList":["Enroll","Start for Free"],"createdAt":"2024-01-27T21:32:21.056Z","updatedAt":"2024-01-27T21:32:21.056Z","favorited":false,"favoritesCount":71,"author":{"username":"Artem Bondar","bio":null,"image":"https://storage.googleapis.com/bondar-academy-visuals/Android.png","following":false}}],"articlesCount":10}

15:30:55.935 [GatlingSystem-akka.actor.default-dispatcher-7] INFO  com.intuit.karate - [print] === DELETE VERIFICATION COMPLETE === 
15:30:55.933 [GatlingSystem-akka.actor.default-dispatcher-6] DEBUG com.intuit.karate - response time in milliseconds: 692
4 < 200
4 < x-powered-by: Express
4 < vary: Origin
4 < content-type: application/json; charset=utf-8
4 < etag: W/"43a9-pqdQxP+KQGbFJE+UM+gzQW76HzQ"
4 < x-cloud-trace-context: c6d698376c449de82beb40b2a5c1f744
4 < date: Wed, 11 Feb 2026 20:30:55 GMT
4 < server: Google Frontend
4 < Content-Length: 17321
{"articles":[{"slug":"Discover-Bondar-Academy:-Your-Gateway-to-Efficient-Learning-1","title":"Discover Bondar Academy: Your Gateway to Efficient Learning","description":"Discover Bondar Academy's unique place in the educational landscape, where value-focused and efficient learning approaches converge. Our goal is to rapidly enhance your professional technical skills, boosting your market competitiveness and paving the way for higher-paying job opportunities. The speed of your progress is in your hands – you set the pace, and we provide the solutions and support to help you achieve your desired outcomes.","body":"Bondar Academy is a leading platform for efficient education, designed to boost your technical skills and advance your career in Quality Assurance (QA). Our program features a balanced mix of pre-recorded lectures and live sessions, allowing each student to study at their own pace and at a time that suits them. \n\nOur instructors are readily available on our Slack Workspace for support. Whether it's a quick question or a more complex issue requiring a Zoom call or Slack Huddle for screen sharing and live discussion, we're here to assist. Additionally, each class comes with a comprehensive question bank for self-assessment. Following each lecture, you have the opportunity to validate your understanding and readiness to progress to the next topic. You set the pace, and we provide the solutions to ensure you achieve your desired outcomes.\n\nSignUp today: https://www.bondaracademy.com","tagList":["qa career","Bondar Academy","QA Skills","Value-Focused"],"createdAt":"2024-01-27T21:52:32.682Z","updatedAt":"2024-01-27T21:52:32.682Z","favorited":false,"favoritesCount":1711,"author":{"username":"Artem Bondar","bio":null,"image":"https://storage.googleapis.com/bondar-academy-visuals/Android.png","following":false}},{"slug":"The-value-of-pre-recorded-video-classes.-The-most-efficient-approach-to-tranfer-the-knowledge-1","title":"The value of pre-recorded video classes. The most efficient approach to tranfer the knowledge","description":"As educational practices evolve, video tutorials have emerged as the most efficient method for imparting theoretical knowledge. At Bondar Academy, we prioritize expertly structured and crafted video tutorials, ensuring you learn quickly and effectively and advance your skills.","body":"At Bondar Academy, we prioritize the value of your time and the efficiency of your education, distinguishing our approach from traditional colleges and live boot camps. Forget long, tedious live lectures on a fixed schedule. With us, you learn at your convenience and pace through optimized, structured video lectures. \n\nWe understand your goal is rapid knowledge acquisition. Our pre-recorded and well-organized lectures are designed precisely for this, ensuring no slowdowns from group dynamics or unrelated instructor anecdotes. \n\nDive straight into the subject matter, learn efficiently, and if questions arise, our immediate support on the Slack Workspace is there to streamline your learning process and swiftly remove any roadblocks.","tagList":["Bondar Academy","Video Lectures","Tutorials"],"createdAt":"2024-01-27T21:50:38.825Z","updatedAt":"2024-01-27T21:50:38.825Z","favorited":false,"favoritesCount":453,"author":{"username":"Artem Bondar","bio":null,"image":"https://storage.googleapis.com/bondar-academy-visuals/Android.png","following":false}},{"slug":"Mastering-Knowledge-with-Self-Assessments:-Identifying-and-Bridging-Learning-Gaps-in-Education-1","title":"Mastering Knowledge with Self-Assessments: Identifying and Bridging Learning Gaps in Education","description":"Self-assessment is an essential tool for gauging your understanding of lecture material. It answers critical questions: Have you grasped everything correctly? Is there anything you've missed? Are you prepared for the next lesson? These assessments ensure that you build a solid foundation of knowledge, confidently and efficiently paving the way for swift progress and effective learning outcomes.","body":"Traditional educational institutions, such as colleges and universities, commonly use tests and assessments to measure knowledge. This approach is effective for gauging student performance, but it's not without drawbacks. In these settings, assessments after every lecture aren't feasible due to the time required for teachers to evaluate them. This often leads to students having a false sense of understanding, believing they've comprehended all aspects of a lecture when, in reality, small but crucial details might be missed. These 'knowledge gaps' can accumulate, making more complex topics difficult to grasp later on.\n\nAt Bondar Academy, we address this challenge by implementing self-assessments after every lecture. These are designed to cover key questions that ensure a thorough understanding of the material, essential for comfort and success in future lectures. The number of questions varies, ranging from 3-4 to 15-20, depending on the lecture's significance and the volume of critical information. With these self-assessments, students receive immediate feedback, helping them determine if they've fully understood the lecture or if they need to revisit certain parts or seek assistance from our instructors in the Slack Workspace.","tagList":["Self-Assessment","Test","Exam"],"createdAt":"2024-01-27T21:48:36.340Z","updatedAt":"2024-01-27T21:48:36.340Z","favorited":false,"favoritesCount":224,"author":{"username":"Artem Bondar","bio":null,"image":"https://storage.googleapis.com/bondar-academy-visuals/Android.png","following":false}},{"slug":"Practical-Implementation-of-Skills:-Homework-Assignments-with-Instructor-Supervision-1","title":"Practical Implementation of Skills: Homework Assignments with Instructor Supervision","description":"Knowledge or skills not reinforced through practical exercises can quickly fade, often faster than anticipated. Homework, particularly in tasks like writing your own code, is crucial for honing these skills and cementing your understanding. At Bondar Academy, we ensure this vital step by assigning homework, rigorously evaluating the outcomes, and providing valuable feedback to guide your learning journey.","body":"Homework assignments are a fundamental component of the educational methodology at Bondar Academy, especially in technical education where learning a new programming language or framework is involved. The key to mastering these skills lies in writing code; the more you write, the better you become. However, merely replicating code seen in lectures leads to minimal learning. Often, this approach leaves students unclear about why their code works the way it does, as they focus on copying rather than understanding.\n\nA homework assignment at Bondar Academy starts with a blank page, challenging students to apply all their knowledge to write the first line of code. This process is more demanding than it appears. As you write each line, understanding and reasoning grow, making your code meaningful and comprehensible. You learn to write code that makes sense to you, enhancing your understanding.\n\nIn completing these assignments, you engage the 'thinking' part of your brain, transforming theoretical knowledge into practical skills. Recognizing the crucial role of homework in learning, our instructors at Bondar Academy are always available to assist with any challenges. Just reach out on Slack, and you'll receive the guidance and support needed for successful completion. At Bondar Academy, we fully understand the importance of homework assignments for the best outcome, so our instructors are always here to assist if you have any difficulties with completing them. Just ask in Slack and you'll be guided and assisted.","tagList":["Homework","Assignments","Practice","Coding"],"createdAt":"2024-01-27T21:46:09.512Z","updatedAt":"2024-01-27T21:46:09.512Z","favorited":false,"favoritesCount":102,"author":{"username":"Artem Bondar","bio":null,"image":"https://storage.googleapis.com/bondar-academy-visuals/Android.png","following":false}},{"slug":"Embracing-Daily-Git-Routines:-Real-Code-Reviews-on-GitHub-for-Effective-Coding-Practice.-1","title":"Embracing Daily Git Routines: Real Code Reviews on GitHub for Effective Coding Practice.","description":"Learning to code is just one part of a larger skill set; effectively managing and organizing code is equally crucial. At Bondar Academy, we integrate Git and platforms like GitHub into the core learning cycle. With us, using Git becomes a regular routine, where organizing code in branches, storing it in remote repositories, and collaborating with others through strategies like branching, merging, pull requests, and code reviews are standard practice.","body":"At Bondar Academy, mastering Git and GitHub is a fundamental step before delving into frameworks or programming languages. Effective code management, organization, and storage are crucial skills, and Git is the premier tool for this purpose. However, many learners initially find Git challenging due to its complexity and non-intuitive nature. To address this, our instructors have developed structured lectures on Git and GitHub, ensuring an efficient and thorough understanding of these essential tools. Git lessons are a mandatory prerequisite in every class. For a glimpse into our teaching approach, visit our YouTube channel: https://www.youtube.com/@BondarAcademy/playlists.\n\nIn our courses, all homework assignments are reviewed using GitHub pull requests, mirroring the workflow in real-world software development environments. Students submit their code to their working branch for review. Our instructors then provide feedback, suggesting modifications or adjustments for pull request approval. This iterative process is repeated throughout the course, establishing Git usage as a natural and routine part of your coding practice.","tagList":["YouTube","Git","GitHub"],"createdAt":"2024-01-27T21:42:31.491Z","updatedAt":"2024-01-27T21:42:31.491Z","favorited":false,"favoritesCount":103,"author":{"username":"Artem Bondar","bio":null,"image":"https://storage.googleapis.com/bondar-academy-visuals/Android.png","following":false}},{"slug":"Engaging-in-Live-Zoom-Sessions:-Interact-with-Instructors-and-Peers-Ask-Questions-in-Real-Time-1","title":"Engaging in Live Zoom Sessions: Interact with Instructors and Peers, Ask Questions in Real-Time","description":"In our increasingly online world, personal engagement remains a crucial element of effective learning. At Bondar Academy, we address this by hosting live Zoom sessions. These sessions provide a platform for live interaction between instructors and students, and among students themselves. Complementing our Slack channel, these live sessions offer an additional avenue for asking questions and engaging in meaningful discussions.","body":"In our increasingly online world, personal engagement remains a crucial element of effective learning. \nAt Bondar Academy, we address this by hosting live Zoom sessions. These sessions provide a platform for live interaction between instructors and students and among students themselves. Complementing our Slack channel, these live sessions offer an additional avenue for asking questions and engaging in meaningful discussions.","tagList":["Zoom","Live Sessions"],"createdAt":"2024-01-27T21:39:50.587Z","updatedAt":"2024-01-27T21:39:50.587Z","favorited":false,"favoritesCount":75,"author":{"username":"Artem Bondar","bio":null,"image":"https://storage.googleapis.com/bondar-academy-visuals/Android.png","following":false}},{"slug":"Utilizing-Slack-for-Continuous-Engagement:-Connect-with-Instructors-Share-Insights-and-Collaborate-1","title":"Utilizing Slack for Continuous Engagement: Connect with Instructors, Share Insights, and Collaborate","description":"Slack stands out as a widely-used messaging and collaboration platform, celebrated for its convenience and versatility. It enables simultaneous participation in multiple conversations, supports comments and emoji reactions, and allows users to share screenshots, videos, and code snippets. Its functionality extends to making calls in huddle sessions. Given these robust features, Bondar Academy has chosen Slack as our primary communication platform, facilitating seamless interaction and collaboration.","body":"As a new member of Bondar Academy, one of your initial steps should be registering for the Bondar Academy Slack Workspace. Upon registration at Bondar Academy, you'll receive a welcome email containing the URL to join. This Workspace serves as a central hub for communication with instructors and fellow students. Whether you have a question, need to share code, or want to upload screenshots, Slack makes it easy and efficient. Moreover, its compatibility with both desktop and mobile devices, by downloading and installing the app, ensures you can stay connected with your instructors and the community wherever you go.","tagList":["Slack","Community","Collaboration"],"createdAt":"2024-01-27T21:38:27.992Z","updatedAt":"2024-01-27T21:38:27.992Z","favorited":false,"favoritesCount":70,"author":{"username":"Artem Bondar","bio":null,"image":"https://storage.googleapis.com/bondar-academy-visuals/Android.png","following":false}},{"slug":"Stay-Ahead-with-Bondar-Academy:-Subscribe-to-Our-YouTube-channel-for-Latest-Tech-and-Education-Updates-1","title":"Stay Ahead with Bondar Academy: Subscribe to Our YouTube channel for Latest Tech and Education Updates","description":"Who doesn't appreciate high-quality free resources? YouTube serves as an ideal platform for sharing the latest news, updates, and a wealth of tips and tricks in test automation and technology. Keep abreast of these invaluable insights by subscribing to the @bondaracademy YouTube channel.","body":"Who doesn't appreciate high-quality free resources? \n\nYouTube serves as an ideal platform for sharing the latest news, updates, and a wealth of tips and tricks in test automation and technology. \n\nKeep abreast of these invaluable insights by subscribing to our YouTube channel: https://www.youtube.com/@bondaracademy","tagList":["YouTube"],"createdAt":"2024-01-27T21:36:32.360Z","updatedAt":"2024-01-27T21:36:32.360Z","favorited":false,"favoritesCount":66,"author":{"username":"Artem Bondar","bio":null,"image":"https://storage.googleapis.com/bondar-academy-visuals/Android.png","following":false}},{"slug":"Explore-the-Latest-in-Learning:-Bondar-Academy-Blog's-Educational-Insights-from-Our-Experts-1","title":"Explore the Latest in Learning: Bondar Academy Blog's Educational Insights from Our Experts","description":"Discover a treasure trove of knowledge on the Bondar Academy blog. Here, we share an array of tips, techniques, and valuable educational materials, all designed to keep you abreast of the latest technological trends and best practices. For easy access and continual learning, consider bookmarking our blog in your browser.","body":"On the Bondar Academy blog, we consistently provide insightful and pertinent updates on the latest in technology, test automation, and industry best practices. For your convenience, we recommend adding our blog to your browser's bookmarks. Our commitment to keeping you informed is reflected in our weekly posts, each focusing on a significant topic of the week.\n\nWe value your input and invite you to contribute to our ever-evolving content. If you have any suggestions or specific topics you'd like us to explore, please feel free to share your ideas in the Bondar Academy Slack workspace. \n\nDiscover our blog here: https://www.bondaracademy.com/blog\n","tagList":["Blog"],"createdAt":"2024-01-27T21:34:04.531Z","updatedAt":"2024-01-27T21:34:04.531Z","favorited":false,"favoritesCount":67,"author":{"username":"Artem Bondar","bio":null,"image":"https://storage.googleapis.com/bondar-academy-visuals/Android.png","following":false}},{"slug":"Take-the-Next-Step:-Join-Bondar-Academy-Today-and-Enroll-into-the-class-1","title":"Take the Next Step: Join Bondar Academy Today and Enroll into the class","description":"Are you prepared to transform your educational journey? Begin by signing up at Bondar Academy, then register for our Slack Workspace to start exploring. We offer a range of classes, with some being completely free and others featuring free previews of the initial sections. This allows you to experience our content and teaching approach firsthand, helping you make an informed decision before enrolling in a class.","body":"Are you prepared to transform your educational journey? \n\nBegin by signing up at Bondar Academy, then register for our Slack Workspace to start exploring. We offer a range of classes, with some being completely free and others featuring free previews of the initial sections. This allows you to experience our content and teaching approach firsthand, helping you make an informed decision before enrolling in a class.\n\nClick here to enroll: https://www.bondaracademy.com","tagList":["Enroll","Start for Free"],"createdAt":"2024-01-27T21:32:21.056Z","updatedAt":"2024-01-27T21:32:21.056Z","favorited":false,"favoritesCount":71,"author":{"username":"Artem Bondar","bio":null,"image":"https://storage.googleapis.com/bondar-academy-visuals/Android.png","following":false}}],"articlesCount":10}

15:30:55.941 [GatlingSystem-akka.actor.default-dispatcher-6] INFO  com.intuit.karate - [print] === DELETE VERIFICATION COMPLETE === 
15:30:56.046 [GatlingSystem-akka.actor.default-dispatcher-5] DEBUG com.intuit.karate - response time in milliseconds: 811
4 < 200
4 < x-powered-by: Express
4 < vary: Origin
4 < content-type: application/json; charset=utf-8
4 < etag: W/"43a9-pqdQxP+KQGbFJE+UM+gzQW76HzQ"
4 < x-cloud-trace-context: d62c41bbc333c0bc881fda749b598976
4 < date: Wed, 11 Feb 2026 20:30:56 GMT
4 < server: Google Frontend
4 < Content-Length: 17321
{"articles":[{"slug":"Discover-Bondar-Academy:-Your-Gateway-to-Efficient-Learning-1","title":"Discover Bondar Academy: Your Gateway to Efficient Learning","description":"Discover Bondar Academy's unique place in the educational landscape, where value-focused and efficient learning approaches converge. Our goal is to rapidly enhance your professional technical skills, boosting your market competitiveness and paving the way for higher-paying job opportunities. The speed of your progress is in your hands – you set the pace, and we provide the solutions and support to help you achieve your desired outcomes.","body":"Bondar Academy is a leading platform for efficient education, designed to boost your technical skills and advance your career in Quality Assurance (QA). Our program features a balanced mix of pre-recorded lectures and live sessions, allowing each student to study at their own pace and at a time that suits them. \n\nOur instructors are readily available on our Slack Workspace for support. Whether it's a quick question or a more complex issue requiring a Zoom call or Slack Huddle for screen sharing and live discussion, we're here to assist. Additionally, each class comes with a comprehensive question bank for self-assessment. Following each lecture, you have the opportunity to validate your understanding and readiness to progress to the next topic. You set the pace, and we provide the solutions to ensure you achieve your desired outcomes.\n\nSignUp today: https://www.bondaracademy.com","tagList":["qa career","Bondar Academy","QA Skills","Value-Focused"],"createdAt":"2024-01-27T21:52:32.682Z","updatedAt":"2024-01-27T21:52:32.682Z","favorited":false,"favoritesCount":1711,"author":{"username":"Artem Bondar","bio":null,"image":"https://storage.googleapis.com/bondar-academy-visuals/Android.png","following":false}},{"slug":"The-value-of-pre-recorded-video-classes.-The-most-efficient-approach-to-tranfer-the-knowledge-1","title":"The value of pre-recorded video classes. The most efficient approach to tranfer the knowledge","description":"As educational practices evolve, video tutorials have emerged as the most efficient method for imparting theoretical knowledge. At Bondar Academy, we prioritize expertly structured and crafted video tutorials, ensuring you learn quickly and effectively and advance your skills.","body":"At Bondar Academy, we prioritize the value of your time and the efficiency of your education, distinguishing our approach from traditional colleges and live boot camps. Forget long, tedious live lectures on a fixed schedule. With us, you learn at your convenience and pace through optimized, structured video lectures. \n\nWe understand your goal is rapid knowledge acquisition. Our pre-recorded and well-organized lectures are designed precisely for this, ensuring no slowdowns from group dynamics or unrelated instructor anecdotes. \n\nDive straight into the subject matter, learn efficiently, and if questions arise, our immediate support on the Slack Workspace is there to streamline your learning process and swiftly remove any roadblocks.","tagList":["Bondar Academy","Video Lectures","Tutorials"],"createdAt":"2024-01-27T21:50:38.825Z","updatedAt":"2024-01-27T21:50:38.825Z","favorited":false,"favoritesCount":453,"author":{"username":"Artem Bondar","bio":null,"image":"https://storage.googleapis.com/bondar-academy-visuals/Android.png","following":false}},{"slug":"Mastering-Knowledge-with-Self-Assessments:-Identifying-and-Bridging-Learning-Gaps-in-Education-1","title":"Mastering Knowledge with Self-Assessments: Identifying and Bridging Learning Gaps in Education","description":"Self-assessment is an essential tool for gauging your understanding of lecture material. It answers critical questions: Have you grasped everything correctly? Is there anything you've missed? Are you prepared for the next lesson? These assessments ensure that you build a solid foundation of knowledge, confidently and efficiently paving the way for swift progress and effective learning outcomes.","body":"Traditional educational institutions, such as colleges and universities, commonly use tests and assessments to measure knowledge. This approach is effective for gauging student performance, but it's not without drawbacks. In these settings, assessments after every lecture aren't feasible due to the time required for teachers to evaluate them. This often leads to students having a false sense of understanding, believing they've comprehended all aspects of a lecture when, in reality, small but crucial details might be missed. These 'knowledge gaps' can accumulate, making more complex topics difficult to grasp later on.\n\nAt Bondar Academy, we address this challenge by implementing self-assessments after every lecture. These are designed to cover key questions that ensure a thorough understanding of the material, essential for comfort and success in future lectures. The number of questions varies, ranging from 3-4 to 15-20, depending on the lecture's significance and the volume of critical information. With these self-assessments, students receive immediate feedback, helping them determine if they've fully understood the lecture or if they need to revisit certain parts or seek assistance from our instructors in the Slack Workspace.","tagList":["Self-Assessment","Test","Exam"],"createdAt":"2024-01-27T21:48:36.340Z","updatedAt":"2024-01-27T21:48:36.340Z","favorited":false,"favoritesCount":224,"author":{"username":"Artem Bondar","bio":null,"image":"https://storage.googleapis.com/bondar-academy-visuals/Android.png","following":false}},{"slug":"Practical-Implementation-of-Skills:-Homework-Assignments-with-Instructor-Supervision-1","title":"Practical Implementation of Skills: Homework Assignments with Instructor Supervision","description":"Knowledge or skills not reinforced through practical exercises can quickly fade, often faster than anticipated. Homework, particularly in tasks like writing your own code, is crucial for honing these skills and cementing your understanding. At Bondar Academy, we ensure this vital step by assigning homework, rigorously evaluating the outcomes, and providing valuable feedback to guide your learning journey.","body":"Homework assignments are a fundamental component of the educational methodology at Bondar Academy, especially in technical education where learning a new programming language or framework is involved. The key to mastering these skills lies in writing code; the more you write, the better you become. However, merely replicating code seen in lectures leads to minimal learning. Often, this approach leaves students unclear about why their code works the way it does, as they focus on copying rather than understanding.\n\nA homework assignment at Bondar Academy starts with a blank page, challenging students to apply all their knowledge to write the first line of code. This process is more demanding than it appears. As you write each line, understanding and reasoning grow, making your code meaningful and comprehensible. You learn to write code that makes sense to you, enhancing your understanding.\n\nIn completing these assignments, you engage the 'thinking' part of your brain, transforming theoretical knowledge into practical skills. Recognizing the crucial role of homework in learning, our instructors at Bondar Academy are always available to assist with any challenges. Just reach out on Slack, and you'll receive the guidance and support needed for successful completion. At Bondar Academy, we fully understand the importance of homework assignments for the best outcome, so our instructors are always here to assist if you have any difficulties with completing them. Just ask in Slack and you'll be guided and assisted.","tagList":["Homework","Assignments","Practice","Coding"],"createdAt":"2024-01-27T21:46:09.512Z","updatedAt":"2024-01-27T21:46:09.512Z","favorited":false,"favoritesCount":102,"author":{"username":"Artem Bondar","bio":null,"image":"https://storage.googleapis.com/bondar-academy-visuals/Android.png","following":false}},{"slug":"Embracing-Daily-Git-Routines:-Real-Code-Reviews-on-GitHub-for-Effective-Coding-Practice.-1","title":"Embracing Daily Git Routines: Real Code Reviews on GitHub for Effective Coding Practice.","description":"Learning to code is just one part of a larger skill set; effectively managing and organizing code is equally crucial. At Bondar Academy, we integrate Git and platforms like GitHub into the core learning cycle. With us, using Git becomes a regular routine, where organizing code in branches, storing it in remote repositories, and collaborating with others through strategies like branching, merging, pull requests, and code reviews are standard practice.","body":"At Bondar Academy, mastering Git and GitHub is a fundamental step before delving into frameworks or programming languages. Effective code management, organization, and storage are crucial skills, and Git is the premier tool for this purpose. However, many learners initially find Git challenging due to its complexity and non-intuitive nature. To address this, our instructors have developed structured lectures on Git and GitHub, ensuring an efficient and thorough understanding of these essential tools. Git lessons are a mandatory prerequisite in every class. For a glimpse into our teaching approach, visit our YouTube channel: https://www.youtube.com/@BondarAcademy/playlists.\n\nIn our courses, all homework assignments are reviewed using GitHub pull requests, mirroring the workflow in real-world software development environments. Students submit their code to their working branch for review. Our instructors then provide feedback, suggesting modifications or adjustments for pull request approval. This iterative process is repeated throughout the course, establishing Git usage as a natural and routine part of your coding practice.","tagList":["YouTube","Git","GitHub"],"createdAt":"2024-01-27T21:42:31.491Z","updatedAt":"2024-01-27T21:42:31.491Z","favorited":false,"favoritesCount":103,"author":{"username":"Artem Bondar","bio":null,"image":"https://storage.googleapis.com/bondar-academy-visuals/Android.png","following":false}},{"slug":"Engaging-in-Live-Zoom-Sessions:-Interact-with-Instructors-and-Peers-Ask-Questions-in-Real-Time-1","title":"Engaging in Live Zoom Sessions: Interact with Instructors and Peers, Ask Questions in Real-Time","description":"In our increasingly online world, personal engagement remains a crucial element of effective learning. At Bondar Academy, we address this by hosting live Zoom sessions. These sessions provide a platform for live interaction between instructors and students, and among students themselves. Complementing our Slack channel, these live sessions offer an additional avenue for asking questions and engaging in meaningful discussions.","body":"In our increasingly online world, personal engagement remains a crucial element of effective learning. \nAt Bondar Academy, we address this by hosting live Zoom sessions. These sessions provide a platform for live interaction between instructors and students and among students themselves. Complementing our Slack channel, these live sessions offer an additional avenue for asking questions and engaging in meaningful discussions.","tagList":["Zoom","Live Sessions"],"createdAt":"2024-01-27T21:39:50.587Z","updatedAt":"2024-01-27T21:39:50.587Z","favorited":false,"favoritesCount":75,"author":{"username":"Artem Bondar","bio":null,"image":"https://storage.googleapis.com/bondar-academy-visuals/Android.png","following":false}},{"slug":"Utilizing-Slack-for-Continuous-Engagement:-Connect-with-Instructors-Share-Insights-and-Collaborate-1","title":"Utilizing Slack for Continuous Engagement: Connect with Instructors, Share Insights, and Collaborate","description":"Slack stands out as a widely-used messaging and collaboration platform, celebrated for its convenience and versatility. It enables simultaneous participation in multiple conversations, supports comments and emoji reactions, and allows users to share screenshots, videos, and code snippets. Its functionality extends to making calls in huddle sessions. Given these robust features, Bondar Academy has chosen Slack as our primary communication platform, facilitating seamless interaction and collaboration.","body":"As a new member of Bondar Academy, one of your initial steps should be registering for the Bondar Academy Slack Workspace. Upon registration at Bondar Academy, you'll receive a welcome email containing the URL to join. This Workspace serves as a central hub for communication with instructors and fellow students. Whether you have a question, need to share code, or want to upload screenshots, Slack makes it easy and efficient. Moreover, its compatibility with both desktop and mobile devices, by downloading and installing the app, ensures you can stay connected with your instructors and the community wherever you go.","tagList":["Slack","Community","Collaboration"],"createdAt":"2024-01-27T21:38:27.992Z","updatedAt":"2024-01-27T21:38:27.992Z","favorited":false,"favoritesCount":70,"author":{"username":"Artem Bondar","bio":null,"image":"https://storage.googleapis.com/bondar-academy-visuals/Android.png","following":false}},{"slug":"Stay-Ahead-with-Bondar-Academy:-Subscribe-to-Our-YouTube-channel-for-Latest-Tech-and-Education-Updates-1","title":"Stay Ahead with Bondar Academy: Subscribe to Our YouTube channel for Latest Tech and Education Updates","description":"Who doesn't appreciate high-quality free resources? YouTube serves as an ideal platform for sharing the latest news, updates, and a wealth of tips and tricks in test automation and technology. Keep abreast of these invaluable insights by subscribing to the @bondaracademy YouTube channel.","body":"Who doesn't appreciate high-quality free resources? \n\nYouTube serves as an ideal platform for sharing the latest news, updates, and a wealth of tips and tricks in test automation and technology. \n\nKeep abreast of these invaluable insights by subscribing to our YouTube channel: https://www.youtube.com/@bondaracademy","tagList":["YouTube"],"createdAt":"2024-01-27T21:36:32.360Z","updatedAt":"2024-01-27T21:36:32.360Z","favorited":false,"favoritesCount":66,"author":{"username":"Artem Bondar","bio":null,"image":"https://storage.googleapis.com/bondar-academy-visuals/Android.png","following":false}},{"slug":"Explore-the-Latest-in-Learning:-Bondar-Academy-Blog's-Educational-Insights-from-Our-Experts-1","title":"Explore the Latest in Learning: Bondar Academy Blog's Educational Insights from Our Experts","description":"Discover a treasure trove of knowledge on the Bondar Academy blog. Here, we share an array of tips, techniques, and valuable educational materials, all designed to keep you abreast of the latest technological trends and best practices. For easy access and continual learning, consider bookmarking our blog in your browser.","body":"On the Bondar Academy blog, we consistently provide insightful and pertinent updates on the latest in technology, test automation, and industry best practices. For your convenience, we recommend adding our blog to your browser's bookmarks. Our commitment to keeping you informed is reflected in our weekly posts, each focusing on a significant topic of the week.\n\nWe value your input and invite you to contribute to our ever-evolving content. If you have any suggestions or specific topics you'd like us to explore, please feel free to share your ideas in the Bondar Academy Slack workspace. \n\nDiscover our blog here: https://www.bondaracademy.com/blog\n","tagList":["Blog"],"createdAt":"2024-01-27T21:34:04.531Z","updatedAt":"2024-01-27T21:34:04.531Z","favorited":false,"favoritesCount":67,"author":{"username":"Artem Bondar","bio":null,"image":"https://storage.googleapis.com/bondar-academy-visuals/Android.png","following":false}},{"slug":"Take-the-Next-Step:-Join-Bondar-Academy-Today-and-Enroll-into-the-class-1","title":"Take the Next Step: Join Bondar Academy Today and Enroll into the class","description":"Are you prepared to transform your educational journey? Begin by signing up at Bondar Academy, then register for our Slack Workspace to start exploring. We offer a range of classes, with some being completely free and others featuring free previews of the initial sections. This allows you to experience our content and teaching approach firsthand, helping you make an informed decision before enrolling in a class.","body":"Are you prepared to transform your educational journey? \n\nBegin by signing up at Bondar Academy, then register for our Slack Workspace to start exploring. We offer a range of classes, with some being completely free and others featuring free previews of the initial sections. This allows you to experience our content and teaching approach firsthand, helping you make an informed decision before enrolling in a class.\n\nClick here to enroll: https://www.bondaracademy.com","tagList":["Enroll","Start for Free"],"createdAt":"2024-01-27T21:32:21.056Z","updatedAt":"2024-01-27T21:32:21.056Z","favorited":false,"favoritesCount":71,"author":{"username":"Artem Bondar","bio":null,"image":"https://storage.googleapis.com/bondar-academy-visuals/Android.png","following":false}}],"articlesCount":10}

15:30:56.053 [GatlingSystem-akka.actor.default-dispatcher-5] INFO  com.intuit.karate - [print] === DELETE VERIFICATION COMPLETE === 
15:30:56.054 [GatlingSystem-akka.actor.default-dispatcher-5] INFO  i.g.core.controller.inject.Injector - All users of scenario Create and delete Article are stopped
15:30:56.055 [GatlingSystem-akka.actor.default-dispatcher-5] INFO  i.g.core.controller.inject.Injector - Stopping
15:30:56.057 [GatlingSystem-akka.actor.default-dispatcher-6] INFO  i.gatling.core.controller.Controller - Injector has stopped, initiating graceful stop
15:30:56.119 [GatlingSystem-akka.actor.default-dispatcher-5] INFO  akka.actor.CoordinatedShutdown - Running CoordinatedShutdown with reason [ActorSystemTerminateReason]
15:30:56.152 [main] INFO  i.g.charts.stats.LogFileReader$ - Collected List(/Users/gloriagomez/myproject/target/gatling/perftest-20260211203049120/simulation.log) from perftest-20260211203049120
15:30:56.166 [main] INFO  i.gatling.charts.stats.LogFileReader - First pass
15:30:56.172 [main] INFO  i.gatling.charts.stats.LogFileReader - First pass done: read 19 lines
15:30:56.184 [main] INFO  i.gatling.charts.stats.LogFileReader - Second pass
15:30:56.213 [main] INFO  i.gatling.charts.stats.LogFileReader - Second pass: read 19 lines
15:31:31.015 [main] DEBUG com.intuit.karate.Suite - [config] classpath:karate-config.js
15:31:31.027 [main] DEBUG com.intuit.karate.Suite - waiting for 5 features to complete
15:31:32.043 [pool-2-thread-3] INFO  com.intuit.karate - karate.env system property was: null 
15:31:32.043 [pool-2-thread-5] INFO  com.intuit.karate - karate.env system property was: null 
15:31:32.043 [pool-2-thread-1] INFO  com.intuit.karate - karate.env system property was: null 
15:31:32.043 [pool-2-thread-2] INFO  com.intuit.karate - karate.env system property was: null 
15:31:32.043 [pool-2-thread-4] INFO  com.intuit.karate - karate.env system property was: null 
15:31:32.132 [pool-2-thread-2] INFO  com.intuit.karate - >> lock acquired, begin callonce: read('classpath:conduitApp/helpers/CreateToken.feature')
15:31:32.346 [pool-2-thread-3] DEBUG com.intuit.karate - request:
1 > GET https://conduit-api.bondaracademy.com/api/tags
1 > Host: conduit-api.bondaracademy.com
1 > Connection: Keep-Alive
1 > User-Agent: Apache-HttpClient/4.5.14 (Java/25.0.2)
1 > Accept-Encoding: gzip,deflate


15:31:32.346 [pool-2-thread-4] DEBUG com.intuit.karate - request:
1 > GET https://conduit-api.bondaracademy.com/api/articles?limit=10&offset=0
1 > Host: conduit-api.bondaracademy.com
1 > Connection: Keep-Alive
1 > User-Agent: Apache-HttpClient/4.5.14 (Java/25.0.2)
1 > Accept-Encoding: gzip,deflate


15:31:32.346 [pool-2-thread-2] DEBUG com.intuit.karate - request:
1 > POST https://conduit-api.bondaracademy.com/api/users/login
1 > Content-Type: application/json; charset=UTF-8
1 > Content-Length: 65
1 > Host: conduit-api.bondaracademy.com
1 > Connection: Keep-Alive
1 > User-Agent: Apache-HttpClient/4.5.14 (Java/25.0.2)
1 > Accept-Encoding: gzip,deflate
{"user":{"email":"elosvadel84@gmail.com","password":"Osva12345"}}

15:31:32.346 [pool-2-thread-5] DEBUG com.intuit.karate - request:
1 > POST https://conduit-api.bondaracademy.com/api/users
1 > Content-Type: application/json; charset=UTF-8
1 > Content-Length: 88
1 > Host: conduit-api.bondaracademy.com
1 > Connection: Keep-Alive
1 > User-Agent: Apache-HttpClient/4.5.14 (Java/25.0.2)
1 > Accept-Encoding: gzip,deflate
{"user":{"username":"son.dickinson","email":"raul25@test.com","password":"password123"}}

15:31:33.008 [pool-2-thread-2] DEBUG com.intuit.karate - response time in milliseconds: 658
1 < 200
1 < x-powered-by: Express
1 < vary: Origin
1 < content-type: application/json; charset=utf-8
1 < etag: W/"136-o9+GiKOstdg6LbqL+vthWj0+oWI"
1 < x-cloud-trace-context: b90747d74316a490b46998105e2c4fe9;o=1
1 < date: Wed, 11 Feb 2026 20:31:32 GMT
1 < server: Google Frontend
1 < Content-Length: 310
{"user":{"email":"elosvadel84@gmail.com","username":"Osva","bio":null,"image":"https://conduit-api.bondaracademy.com/images/smiley-cyrus.jpeg","token":"eyJhbGciOiJIUzI1NiIsInR5cCI6IkpXVCJ9.eyJ1c2VyIjp7ImlkIjo0NTU0Nn0sImlhdCI6MTc3MDg0MTg5MiwiZXhwIjoxNzc2MDI1ODkyfQ.7jsbgUBuILen1TZgHKl9GQu1KNsHme0podksEOSQTRg"}}

15:31:33.016 [pool-2-thread-2] INFO  com.intuit.karate - [print] INSIDE HELPER - TOKEN IS >>> eyJhbGciOiJIUzI1NiIsInR5cCI6IkpXVCJ9.eyJ1c2VyIjp7ImlkIjo0NTU0Nn0sImlhdCI6MTc3MDg0MTg5MiwiZXhwIjoxNzc2MDI1ODkyfQ.7jsbgUBuILen1TZgHKl9GQu1KNsHme0podksEOSQTRg 
15:31:33.017 [pool-2-thread-2] INFO  com.intuit.karate - << lock released, cached callonce: read('classpath:conduitApp/helpers/CreateToken.feature')
15:31:33.017 [pool-2-thread-1] WARN  com.intuit.karate - this thread waited 885 milliseconds for callonce lock: read('classpath:conduitApp/helpers/CreateToken.feature')
15:31:33.055 [pool-2-thread-3] DEBUG com.intuit.karate - response time in milliseconds: 707
1 < 200
1 < x-powered-by: Express
1 < vary: Origin
1 < content-type: application/json; charset=utf-8
1 < etag: W/"72-i/q0b/2v9qFFCyaHtQk6bCJ49Hc"
1 < x-cloud-trace-context: 3469d600020149fce692e6c190db8bbb
1 < date: Wed, 11 Feb 2026 20:31:33 GMT
1 < server: Google Frontend
1 < Content-Length: 114
{"tags":["Test","Blog","Git","YouTube","Slack","Zoom","GitHub","Value-Focused","Bondar Academy","Start for Free"]}

15:31:33.058 [pool-2-thread-1] DEBUG com.intuit.karate - request:
1 > POST https://conduit-api.bondaracademy.com/api/articles
1 > Authorization: Token eyJhbGciOiJIUzI1NiIsInR5cCI6IkpXVCJ9.eyJ1c2VyIjp7ImlkIjo0NTU0Nn0sImlhdCI6MTc3MDg0MTg5MiwiZXhwIjoxNzc2MDI1ODkyfQ.7jsbgUBuILen1TZgHKl9GQu1KNsHme0podksEOSQTRg
1 > Content-Type: application/json; charset=UTF-8
1 > Content-Length: 171
1 > Host: conduit-api.bondaracademy.com
1 > Connection: Keep-Alive
1 > User-Agent: Apache-HttpClient/4.5.14 (Java/25.0.2)
1 > Accept-Encoding: gzip,deflate
{"article":{"title":"High Sparrow","description":"Braavos","body":"And I have a tender spot in my heart for cripples and bastards and broken things.","tagList":["Slack"]}}

15:31:33.058 [pool-2-thread-2] DEBUG com.intuit.karate - request:
1 > POST https://conduit-api.bondaracademy.com/api/articles
1 > Authorization: Token eyJhbGciOiJIUzI1NiIsInR5cCI6IkpXVCJ9.eyJ1c2VyIjp7ImlkIjo0NTU0Nn0sImlhdCI6MTc3MDg0MTg5MiwiZXhwIjoxNzc2MDI1ODkyfQ.7jsbgUBuILen1TZgHKl9GQu1KNsHme0podksEOSQTRg
1 > Content-Type: application/json; charset=UTF-8
1 > Content-Length: 216
1 > Host: conduit-api.bondaracademy.com
1 > Connection: Keep-Alive
1 > User-Agent: Apache-HttpClient/4.5.14 (Java/25.0.2)
1 > Accept-Encoding: gzip,deflate
{"article":{"title":"Harmund Sharp","description":"Tolos","body":"Power is a curious thing. Who lives, Who dies. Power resides where men believe it resides. It is a trick, A shadow on the wall.","tagList":["Slack"]}}

15:31:33.082 [pool-2-thread-3] INFO  com.intuit.karate - karate.env system property was: null 
15:31:33.108 [pool-2-thread-4] DEBUG com.intuit.karate - response time in milliseconds: 760
1 < 200
1 < x-powered-by: Express
1 < vary: Origin
1 < content-type: application/json; charset=utf-8
1 < etag: W/"43a9-pqdQxP+KQGbFJE+UM+gzQW76HzQ"
1 < x-cloud-trace-context: 465f42a77cec78297da2197aaeede153
1 < date: Wed, 11 Feb 2026 20:31:33 GMT
1 < server: Google Frontend
1 < Content-Length: 17321
{"articles":[{"slug":"Discover-Bondar-Academy:-Your-Gateway-to-Efficient-Learning-1","title":"Discover Bondar Academy: Your Gateway to Efficient Learning","description":"Discover Bondar Academy's unique place in the educational landscape, where value-focused and efficient learning approaches converge. Our goal is to rapidly enhance your professional technical skills, boosting your market competitiveness and paving the way for higher-paying job opportunities. The speed of your progress is in your hands – you set the pace, and we provide the solutions and support to help you achieve your desired outcomes.","body":"Bondar Academy is a leading platform for efficient education, designed to boost your technical skills and advance your career in Quality Assurance (QA). Our program features a balanced mix of pre-recorded lectures and live sessions, allowing each student to study at their own pace and at a time that suits them. \n\nOur instructors are readily available on our Slack Workspace for support. Whether it's a quick question or a more complex issue requiring a Zoom call or Slack Huddle for screen sharing and live discussion, we're here to assist. Additionally, each class comes with a comprehensive question bank for self-assessment. Following each lecture, you have the opportunity to validate your understanding and readiness to progress to the next topic. You set the pace, and we provide the solutions to ensure you achieve your desired outcomes.\n\nSignUp today: https://www.bondaracademy.com","tagList":["qa career","Bondar Academy","QA Skills","Value-Focused"],"createdAt":"2024-01-27T21:52:32.682Z","updatedAt":"2024-01-27T21:52:32.682Z","favorited":false,"favoritesCount":1711,"author":{"username":"Artem Bondar","bio":null,"image":"https://storage.googleapis.com/bondar-academy-visuals/Android.png","following":false}},{"slug":"The-value-of-pre-recorded-video-classes.-The-most-efficient-approach-to-tranfer-the-knowledge-1","title":"The value of pre-recorded video classes. The most efficient approach to tranfer the knowledge","description":"As educational practices evolve, video tutorials have emerged as the most efficient method for imparting theoretical knowledge. At Bondar Academy, we prioritize expertly structured and crafted video tutorials, ensuring you learn quickly and effectively and advance your skills.","body":"At Bondar Academy, we prioritize the value of your time and the efficiency of your education, distinguishing our approach from traditional colleges and live boot camps. Forget long, tedious live lectures on a fixed schedule. With us, you learn at your convenience and pace through optimized, structured video lectures. \n\nWe understand your goal is rapid knowledge acquisition. Our pre-recorded and well-organized lectures are designed precisely for this, ensuring no slowdowns from group dynamics or unrelated instructor anecdotes. \n\nDive straight into the subject matter, learn efficiently, and if questions arise, our immediate support on the Slack Workspace is there to streamline your learning process and swiftly remove any roadblocks.","tagList":["Bondar Academy","Video Lectures","Tutorials"],"createdAt":"2024-01-27T21:50:38.825Z","updatedAt":"2024-01-27T21:50:38.825Z","favorited":false,"favoritesCount":453,"author":{"username":"Artem Bondar","bio":null,"image":"https://storage.googleapis.com/bondar-academy-visuals/Android.png","following":false}},{"slug":"Mastering-Knowledge-with-Self-Assessments:-Identifying-and-Bridging-Learning-Gaps-in-Education-1","title":"Mastering Knowledge with Self-Assessments: Identifying and Bridging Learning Gaps in Education","description":"Self-assessment is an essential tool for gauging your understanding of lecture material. It answers critical questions: Have you grasped everything correctly? Is there anything you've missed? Are you prepared for the next lesson? These assessments ensure that you build a solid foundation of knowledge, confidently and efficiently paving the way for swift progress and effective learning outcomes.","body":"Traditional educational institutions, such as colleges and universities, commonly use tests and assessments to measure knowledge. This approach is effective for gauging student performance, but it's not without drawbacks. In these settings, assessments after every lecture aren't feasible due to the time required for teachers to evaluate them. This often leads to students having a false sense of understanding, believing they've comprehended all aspects of a lecture when, in reality, small but crucial details might be missed. These 'knowledge gaps' can accumulate, making more complex topics difficult to grasp later on.\n\nAt Bondar Academy, we address this challenge by implementing self-assessments after every lecture. These are designed to cover key questions that ensure a thorough understanding of the material, essential for comfort and success in future lectures. The number of questions varies, ranging from 3-4 to 15-20, depending on the lecture's significance and the volume of critical information. With these self-assessments, students receive immediate feedback, helping them determine if they've fully understood the lecture or if they need to revisit certain parts or seek assistance from our instructors in the Slack Workspace.","tagList":["Self-Assessment","Test","Exam"],"createdAt":"2024-01-27T21:48:36.340Z","updatedAt":"2024-01-27T21:48:36.340Z","favorited":false,"favoritesCount":224,"author":{"username":"Artem Bondar","bio":null,"image":"https://storage.googleapis.com/bondar-academy-visuals/Android.png","following":false}},{"slug":"Practical-Implementation-of-Skills:-Homework-Assignments-with-Instructor-Supervision-1","title":"Practical Implementation of Skills: Homework Assignments with Instructor Supervision","description":"Knowledge or skills not reinforced through practical exercises can quickly fade, often faster than anticipated. Homework, particularly in tasks like writing your own code, is crucial for honing these skills and cementing your understanding. At Bondar Academy, we ensure this vital step by assigning homework, rigorously evaluating the outcomes, and providing valuable feedback to guide your learning journey.","body":"Homework assignments are a fundamental component of the educational methodology at Bondar Academy, especially in technical education where learning a new programming language or framework is involved. The key to mastering these skills lies in writing code; the more you write, the better you become. However, merely replicating code seen in lectures leads to minimal learning. Often, this approach leaves students unclear about why their code works the way it does, as they focus on copying rather than understanding.\n\nA homework assignment at Bondar Academy starts with a blank page, challenging students to apply all their knowledge to write the first line of code. This process is more demanding than it appears. As you write each line, understanding and reasoning grow, making your code meaningful and comprehensible. You learn to write code that makes sense to you, enhancing your understanding.\n\nIn completing these assignments, you engage the 'thinking' part of your brain, transforming theoretical knowledge into practical skills. Recognizing the crucial role of homework in learning, our instructors at Bondar Academy are always available to assist with any challenges. Just reach out on Slack, and you'll receive the guidance and support needed for successful completion. At Bondar Academy, we fully understand the importance of homework assignments for the best outcome, so our instructors are always here to assist if you have any difficulties with completing them. Just ask in Slack and you'll be guided and assisted.","tagList":["Homework","Assignments","Practice","Coding"],"createdAt":"2024-01-27T21:46:09.512Z","updatedAt":"2024-01-27T21:46:09.512Z","favorited":false,"favoritesCount":102,"author":{"username":"Artem Bondar","bio":null,"image":"https://storage.googleapis.com/bondar-academy-visuals/Android.png","following":false}},{"slug":"Embracing-Daily-Git-Routines:-Real-Code-Reviews-on-GitHub-for-Effective-Coding-Practice.-1","title":"Embracing Daily Git Routines: Real Code Reviews on GitHub for Effective Coding Practice.","description":"Learning to code is just one part of a larger skill set; effectively managing and organizing code is equally crucial. At Bondar Academy, we integrate Git and platforms like GitHub into the core learning cycle. With us, using Git becomes a regular routine, where organizing code in branches, storing it in remote repositories, and collaborating with others through strategies like branching, merging, pull requests, and code reviews are standard practice.","body":"At Bondar Academy, mastering Git and GitHub is a fundamental step before delving into frameworks or programming languages. Effective code management, organization, and storage are crucial skills, and Git is the premier tool for this purpose. However, many learners initially find Git challenging due to its complexity and non-intuitive nature. To address this, our instructors have developed structured lectures on Git and GitHub, ensuring an efficient and thorough understanding of these essential tools. Git lessons are a mandatory prerequisite in every class. For a glimpse into our teaching approach, visit our YouTube channel: https://www.youtube.com/@BondarAcademy/playlists.\n\nIn our courses, all homework assignments are reviewed using GitHub pull requests, mirroring the workflow in real-world software development environments. Students submit their code to their working branch for review. Our instructors then provide feedback, suggesting modifications or adjustments for pull request approval. This iterative process is repeated throughout the course, establishing Git usage as a natural and routine part of your coding practice.","tagList":["YouTube","Git","GitHub"],"createdAt":"2024-01-27T21:42:31.491Z","updatedAt":"2024-01-27T21:42:31.491Z","favorited":false,"favoritesCount":103,"author":{"username":"Artem Bondar","bio":null,"image":"https://storage.googleapis.com/bondar-academy-visuals/Android.png","following":false}},{"slug":"Engaging-in-Live-Zoom-Sessions:-Interact-with-Instructors-and-Peers-Ask-Questions-in-Real-Time-1","title":"Engaging in Live Zoom Sessions: Interact with Instructors and Peers, Ask Questions in Real-Time","description":"In our increasingly online world, personal engagement remains a crucial element of effective learning. At Bondar Academy, we address this by hosting live Zoom sessions. These sessions provide a platform for live interaction between instructors and students, and among students themselves. Complementing our Slack channel, these live sessions offer an additional avenue for asking questions and engaging in meaningful discussions.","body":"In our increasingly online world, personal engagement remains a crucial element of effective learning. \nAt Bondar Academy, we address this by hosting live Zoom sessions. These sessions provide a platform for live interaction between instructors and students and among students themselves. Complementing our Slack channel, these live sessions offer an additional avenue for asking questions and engaging in meaningful discussions.","tagList":["Zoom","Live Sessions"],"createdAt":"2024-01-27T21:39:50.587Z","updatedAt":"2024-01-27T21:39:50.587Z","favorited":false,"favoritesCount":75,"author":{"username":"Artem Bondar","bio":null,"image":"https://storage.googleapis.com/bondar-academy-visuals/Android.png","following":false}},{"slug":"Utilizing-Slack-for-Continuous-Engagement:-Connect-with-Instructors-Share-Insights-and-Collaborate-1","title":"Utilizing Slack for Continuous Engagement: Connect with Instructors, Share Insights, and Collaborate","description":"Slack stands out as a widely-used messaging and collaboration platform, celebrated for its convenience and versatility. It enables simultaneous participation in multiple conversations, supports comments and emoji reactions, and allows users to share screenshots, videos, and code snippets. Its functionality extends to making calls in huddle sessions. Given these robust features, Bondar Academy has chosen Slack as our primary communication platform, facilitating seamless interaction and collaboration.","body":"As a new member of Bondar Academy, one of your initial steps should be registering for the Bondar Academy Slack Workspace. Upon registration at Bondar Academy, you'll receive a welcome email containing the URL to join. This Workspace serves as a central hub for communication with instructors and fellow students. Whether you have a question, need to share code, or want to upload screenshots, Slack makes it easy and efficient. Moreover, its compatibility with both desktop and mobile devices, by downloading and installing the app, ensures you can stay connected with your instructors and the community wherever you go.","tagList":["Slack","Community","Collaboration"],"createdAt":"2024-01-27T21:38:27.992Z","updatedAt":"2024-01-27T21:38:27.992Z","favorited":false,"favoritesCount":70,"author":{"username":"Artem Bondar","bio":null,"image":"https://storage.googleapis.com/bondar-academy-visuals/Android.png","following":false}},{"slug":"Stay-Ahead-with-Bondar-Academy:-Subscribe-to-Our-YouTube-channel-for-Latest-Tech-and-Education-Updates-1","title":"Stay Ahead with Bondar Academy: Subscribe to Our YouTube channel for Latest Tech and Education Updates","description":"Who doesn't appreciate high-quality free resources? YouTube serves as an ideal platform for sharing the latest news, updates, and a wealth of tips and tricks in test automation and technology. Keep abreast of these invaluable insights by subscribing to the @bondaracademy YouTube channel.","body":"Who doesn't appreciate high-quality free resources? \n\nYouTube serves as an ideal platform for sharing the latest news, updates, and a wealth of tips and tricks in test automation and technology. \n\nKeep abreast of these invaluable insights by subscribing to our YouTube channel: https://www.youtube.com/@bondaracademy","tagList":["YouTube"],"createdAt":"2024-01-27T21:36:32.360Z","updatedAt":"2024-01-27T21:36:32.360Z","favorited":false,"favoritesCount":66,"author":{"username":"Artem Bondar","bio":null,"image":"https://storage.googleapis.com/bondar-academy-visuals/Android.png","following":false}},{"slug":"Explore-the-Latest-in-Learning:-Bondar-Academy-Blog's-Educational-Insights-from-Our-Experts-1","title":"Explore the Latest in Learning: Bondar Academy Blog's Educational Insights from Our Experts","description":"Discover a treasure trove of knowledge on the Bondar Academy blog. Here, we share an array of tips, techniques, and valuable educational materials, all designed to keep you abreast of the latest technological trends and best practices. For easy access and continual learning, consider bookmarking our blog in your browser.","body":"On the Bondar Academy blog, we consistently provide insightful and pertinent updates on the latest in technology, test automation, and industry best practices. For your convenience, we recommend adding our blog to your browser's bookmarks. Our commitment to keeping you informed is reflected in our weekly posts, each focusing on a significant topic of the week.\n\nWe value your input and invite you to contribute to our ever-evolving content. If you have any suggestions or specific topics you'd like us to explore, please feel free to share your ideas in the Bondar Academy Slack workspace. \n\nDiscover our blog here: https://www.bondaracademy.com/blog\n","tagList":["Blog"],"createdAt":"2024-01-27T21:34:04.531Z","updatedAt":"2024-01-27T21:34:04.531Z","favorited":false,"favoritesCount":67,"author":{"username":"Artem Bondar","bio":null,"image":"https://storage.googleapis.com/bondar-academy-visuals/Android.png","following":false}},{"slug":"Take-the-Next-Step:-Join-Bondar-Academy-Today-and-Enroll-into-the-class-1","title":"Take the Next Step: Join Bondar Academy Today and Enroll into the class","description":"Are you prepared to transform your educational journey? Begin by signing up at Bondar Academy, then register for our Slack Workspace to start exploring. We offer a range of classes, with some being completely free and others featuring free previews of the initial sections. This allows you to experience our content and teaching approach firsthand, helping you make an informed decision before enrolling in a class.","body":"Are you prepared to transform your educational journey? \n\nBegin by signing up at Bondar Academy, then register for our Slack Workspace to start exploring. We offer a range of classes, with some being completely free and others featuring free previews of the initial sections. This allows you to experience our content and teaching approach firsthand, helping you make an informed decision before enrolling in a class.\n\nClick here to enroll: https://www.bondaracademy.com","tagList":["Enroll","Start for Free"],"createdAt":"2024-01-27T21:32:21.056Z","updatedAt":"2024-01-27T21:32:21.056Z","favorited":false,"favoritesCount":71,"author":{"username":"Artem Bondar","bio":null,"image":"https://storage.googleapis.com/bondar-academy-visuals/Android.png","following":false}}],"articlesCount":10}

15:31:33.137 [pool-2-thread-3] DEBUG com.intuit.karate - request:
1 > POST https://conduit-api.bondaracademy.com/api/users
1 > Content-Type: application/json; charset=UTF-8
1 > Content-Length: 92
1 > Host: conduit-api.bondaracademy.com
1 > Connection: Keep-Alive
1 > User-Agent: Apache-HttpClient/4.5.14 (Java/25.0.2)
1 > Accept-Encoding: gzip,deflate
{"user":{"username":"gerardo.ernser","email":"KarateUser1@test.com","password":"Karate123"}}

15:31:33.153 [pool-2-thread-5] DEBUG com.intuit.karate - response time in milliseconds: 805
1 < 201
1 < x-powered-by: Express
1 < vary: Origin
1 < content-type: application/json; charset=utf-8
1 < etag: W/"144-oRF4PM2NZDWg2On2pkCngU7+wR0"
1 < x-cloud-trace-context: 3d1299fbfae274c1834e34a0216972ca
1 < date: Wed, 11 Feb 2026 20:31:33 GMT
1 < server: Google Frontend
1 < Content-Length: 324
{"user":{"id":46558,"email":"raul25@test.com","username":"son.dickinson","bio":null,"image":"https://conduit-api.bondaracademy.com/images/smiley-cyrus.jpeg","token":"eyJhbGciOiJIUzI1NiIsInR5cCI6IkpXVCJ9.eyJ1c2VyIjp7ImlkIjo0NjU1OH0sImlhdCI6MTc3MDg0MTg5MywiZXhwIjoxNzc2MDI1ODkzfQ.p45Jnhj6q0yPrGHuuTT4PtK0t07gPQ1ENn5GEjUI2To"}}

15:31:33.164 [pool-2-thread-5] INFO  com.intuit.karate - karate.env system property was: null 
15:31:33.170 [pool-2-thread-4] INFO  com.intuit.karate - karate.env system property was: null 
15:31:33.218 [pool-2-thread-5] DEBUG com.intuit.karate - request:
1 > POST https://conduit-api.bondaracademy.com/api/users
1 > Content-Type: application/json; charset=UTF-8
1 > Content-Length: 85
1 > Host: conduit-api.bondaracademy.com
1 > Connection: Keep-Alive
1 > User-Agent: Apache-HttpClient/4.5.14 (Java/25.0.2)
1 > Accept-Encoding: gzip,deflate
{"user":{"username":"cualquiera","email":"delmar44@test.com","password":"Karate123"}}

15:31:33.223 [pool-2-thread-4] DEBUG com.intuit.karate - request:
1 > POST https://conduit-api.bondaracademy.com/api/users
1 > Content-Type: application/json; charset=UTF-8
1 > Content-Length: 87
1 > Host: conduit-api.bondaracademy.com
1 > Connection: Keep-Alive
1 > User-Agent: Apache-HttpClient/4.5.14 (Java/25.0.2)
1 > Accept-Encoding: gzip,deflate
{"user":{"username":"heriberto.dibbert","email":"emailwithout","password":"Karate123"}}

15:31:33.256 [pool-2-thread-2] DEBUG com.intuit.karate - response time in milliseconds: 197
1 < 201
1 < x-powered-by: Express
1 < vary: Origin
1 < content-type: application/json; charset=utf-8
1 < etag: W/"1eb-MYjPthihxpue36jpYTm0IWQ1tpA"
1 < x-cloud-trace-context: 31ef84a9b191f1d9438d4e892ece6eca
1 < date: Wed, 11 Feb 2026 20:31:33 GMT
1 < server: Google Frontend
1 < Content-Length: 491
{"article":{"slug":"Harmund-Sharp-45546","title":"Harmund Sharp","description":"Tolos","body":"Power is a curious thing. Who lives, Who dies. Power resides where men believe it resides. It is a trick, A shadow on the wall.","tagList":["Slack"],"createdAt":"2026-02-11T20:31:33.244Z","updatedAt":"2026-02-11T20:31:33.244Z","favorited":false,"favoritesCount":0,"author":{"username":"Osva","bio":null,"image":"https://conduit-api.bondaracademy.com/images/smiley-cyrus.jpeg","following":false}}}

15:31:33.256 [pool-2-thread-1] DEBUG com.intuit.karate - response time in milliseconds: 197
1 < 201
1 < x-powered-by: Express
1 < vary: Origin
1 < content-type: application/json; charset=utf-8
1 < etag: W/"1bd-y3frnJGUt4gElHgdXumUzMx3a/c"
1 < x-cloud-trace-context: 66b5e8304816affc40d7a1dc1a56226f
1 < date: Wed, 11 Feb 2026 20:31:33 GMT
1 < server: Google Frontend
1 < Content-Length: 445
{"article":{"slug":"High-Sparrow-45546","title":"High Sparrow","description":"Braavos","body":"And I have a tender spot in my heart for cripples and bastards and broken things.","tagList":["Slack"],"createdAt":"2026-02-11T20:31:33.248Z","updatedAt":"2026-02-11T20:31:33.248Z","favorited":false,"favoritesCount":0,"author":{"username":"Osva","bio":null,"image":"https://conduit-api.bondaracademy.com/images/smiley-cyrus.jpeg","following":false}}}

15:31:33.260 [pool-2-thread-2] DEBUG com.intuit.karate - request:
2 > GET https://conduit-api.bondaracademy.com/api/articles?limit=10&offset=0
2 > Authorization: Token eyJhbGciOiJIUzI1NiIsInR5cCI6IkpXVCJ9.eyJ1c2VyIjp7ImlkIjo0NTU0Nn0sImlhdCI6MTc3MDg0MTg5MiwiZXhwIjoxNzc2MDI1ODkyfQ.7jsbgUBuILen1TZgHKl9GQu1KNsHme0podksEOSQTRg
2 > Host: conduit-api.bondaracademy.com
2 > Connection: Keep-Alive
2 > User-Agent: Apache-HttpClient/4.5.14 (Java/25.0.2)
2 > Accept-Encoding: gzip,deflate


15:31:33.265 [pool-2-thread-1] INFO  com.intuit.karate - karate.env system property was: null 
15:31:33.306 [pool-2-thread-1] DEBUG com.intuit.karate - request:
1 > POST https://conduit-api.bondaracademy.com/api/users
1 > Content-Type: application/json; charset=UTF-8
1 > Content-Length: 107
1 > Host: conduit-api.bondaracademy.com
1 > Connection: Keep-Alive
1 > User-Agent: Apache-HttpClient/4.5.14 (Java/25.0.2)
1 > Accept-Encoding: gzip,deflate
{"user":{"username":"osvaldolafigura23458373646475757","email":"fabian43@test.com","password":"Karate123"}}

15:31:33.315 [pool-2-thread-3] DEBUG com.intuit.karate - response time in milliseconds: 178
1 < 422
1 < x-powered-by: Express
1 < vary: Origin
1 < content-type: application/json; charset=utf-8
1 < etag: W/"2f-BJEnYqgmLwV4NGkXB9OccFtans4"
1 < x-cloud-trace-context: e77278f629a0fecdfb55e844aead54ed
1 < date: Wed, 11 Feb 2026 20:31:33 GMT
1 < server: Google Frontend
1 < Content-Length: 47
{"errors":{"email":["has already been taken"]}}

15:31:33.323 [pool-2-thread-3] INFO  com.intuit.karate - karate.env system property was: null 
15:31:33.351 [pool-2-thread-3] DEBUG com.intuit.karate - request:
1 > POST https://conduit-api.bondaracademy.com/api/users
1 > Content-Type: application/json; charset=UTF-8
1 > Content-Length: 81
1 > Host: conduit-api.bondaracademy.com
1 > Connection: Keep-Alive
1 > User-Agent: Apache-HttpClient/4.5.14 (Java/25.0.2)
1 > Accept-Encoding: gzip,deflate
{"user":{"username":"darlene.swift","email":"doyle77@test.com","password":"Kar"}}

15:31:33.386 [pool-2-thread-4] DEBUG com.intuit.karate - response time in milliseconds: 161
1 < 422
1 < x-powered-by: Express
1 < vary: Origin
1 < content-type: application/json; charset=utf-8
1 < etag: W/"23-BFnyxZU59MOp7LrClbIX0lqohmc"
1 < x-cloud-trace-context: cc4c8b467d22087ca6a3a277bfbdf683
1 < date: Wed, 11 Feb 2026 20:31:33 GMT
1 < server: Google Frontend
1 < Content-Length: 35
{"errors":{"email":["is invalid"]}}

15:31:33.393 [pool-2-thread-4] INFO  com.intuit.karate - karate.env system property was: null 
15:31:33.400 [pool-2-thread-4] DEBUG com.intuit.karate - request:
1 > POST https://conduit-api.bondaracademy.com/api/users/login
1 > Content-Type: application/json; charset=UTF-8
1 > Content-Length: 65
1 > Host: conduit-api.bondaracademy.com
1 > Connection: Keep-Alive
1 > User-Agent: Apache-HttpClient/4.5.14 (Java/25.0.2)
1 > Accept-Encoding: gzip,deflate
{"user":{"email":"elosvadel84@gmail.com","password":"Osva12345"}}

15:31:33.401 [pool-2-thread-5] DEBUG com.intuit.karate - response time in milliseconds: 182
1 < 422
1 < x-powered-by: Express
1 < vary: Origin
1 < content-type: application/json; charset=utf-8
1 < etag: W/"32-JsHJTKwNHW5NSVjFTl5ds7a++54"
1 < x-cloud-trace-context: 99c846e3eb5eba096a8457b9e897e736
1 < date: Wed, 11 Feb 2026 20:31:33 GMT
1 < server: Google Frontend
1 < Content-Length: 50
{"errors":{"username":["has already been taken"]}}

15:31:33.408 [pool-2-thread-5] INFO  com.intuit.karate - karate.env system property was: null 
15:31:33.416 [pool-2-thread-5] INFO  com.intuit.karate - >> lock acquired, begin callSingle: classpath:conduitApp/helpers/CreateToken.feature
15:31:33.424 [pool-2-thread-5] DEBUG com.intuit.karate - request:
1 > POST https://conduit-api.bondaracademy.com/api/users/login
1 > Content-Type: application/json; charset=UTF-8
1 > Content-Length: 65
1 > Host: conduit-api.bondaracademy.com
1 > Connection: Keep-Alive
1 > User-Agent: Apache-HttpClient/4.5.14 (Java/25.0.2)
1 > Accept-Encoding: gzip,deflate
{"user":{"email":"elosvadel84@gmail.com","password":"Osva12345"}}

15:31:33.450 [pool-2-thread-2] DEBUG com.intuit.karate - response time in milliseconds: 188
2 < 200
2 < x-powered-by: Express
2 < vary: Origin
2 < content-type: application/json; charset=utf-8
2 < etag: W/"103b-A/oc52X/qy3Pl676FpbL4/7N6gk"
2 < x-cloud-trace-context: 8b99775a696e50977ebd41cb490c54e1
2 < date: Wed, 11 Feb 2026 20:31:33 GMT
2 < server: Google Frontend
2 < Content-Length: 4155
{"articles":[{"slug":"High-Sparrow-45546","title":"High Sparrow","description":"Braavos","body":"And I have a tender spot in my heart for cripples and bastards and broken things.","tagList":["Slack"],"createdAt":"2026-02-11T20:31:33.248Z","updatedAt":"2026-02-11T20:31:33.248Z","favorited":false,"favoritesCount":0,"author":{"username":"Osva","bio":null,"image":"https://conduit-api.bondaracademy.com/images/smiley-cyrus.jpeg","following":false}},{"slug":"Harmund-Sharp-45546","title":"Harmund Sharp","description":"Tolos","body":"Power is a curious thing. Who lives, Who dies. Power resides where men believe it resides. It is a trick, A shadow on the wall.","tagList":["Slack"],"createdAt":"2026-02-11T20:31:33.244Z","updatedAt":"2026-02-11T20:31:33.244Z","favorited":false,"favoritesCount":0,"author":{"username":"Osva","bio":null,"image":"https://conduit-api.bondaracademy.com/images/smiley-cyrus.jpeg","following":false}},{"slug":"Anguy-45546","title":"Anguy","description":"New Ghis","body":"Every flight begins with a fall.","tagList":["Blog"],"createdAt":"2026-02-11T17:59:58.529Z","updatedAt":"2026-02-11T17:59:58.529Z","favorited":false,"favoritesCount":0,"author":{"username":"Osva","bio":null,"image":"https://conduit-api.bondaracademy.com/images/smiley-cyrus.jpeg","following":false}},{"slug":"Kedry-45546","title":"Kedry","description":"Pentos","body":"Once you’ve accepted your flaws, no one can use them against you.","tagList":["Git"],"createdAt":"2026-02-11T17:54:53.795Z","updatedAt":"2026-02-11T17:54:53.795Z","favorited":false,"favoritesCount":0,"author":{"username":"Osva","bio":null,"image":"https://conduit-api.bondaracademy.com/images/smiley-cyrus.jpeg","following":false}},{"slug":"Yormwell-45546","title":"Yormwell","description":"Old Valyria","body":"The North remembers.","tagList":["Value-Focused"],"createdAt":"2026-02-11T16:14:56.387Z","updatedAt":"2026-02-11T16:14:56.387Z","favorited":false,"favoritesCount":0,"author":{"username":"Osva","bio":null,"image":"https://conduit-api.bondaracademy.com/images/smiley-cyrus.jpeg","following":false}},{"slug":"Lady-of-the-Leaves-45546","title":"Lady of the Leaves","description":"Mantarys","body":"... a mind needs books as a sword needs a whetstone, if it is to keep its edge.","tagList":["Start for Free"],"createdAt":"2026-02-11T15:39:47.461Z","updatedAt":"2026-02-11T15:39:47.461Z","favorited":false,"favoritesCount":0,"author":{"username":"Osva","bio":null,"image":"https://conduit-api.bondaracademy.com/images/smiley-cyrus.jpeg","following":false}},{"slug":"Roger-Hogg-45546","title":"Roger Hogg","description":"Pentos","body":"There are no heroes...in life, the monsters win.","tagList":["Test"],"createdAt":"2026-02-10T22:52:04.893Z","updatedAt":"2026-02-10T22:52:04.893Z","favorited":false,"favoritesCount":0,"author":{"username":"Osva","bio":null,"image":"https://conduit-api.bondaracademy.com/images/smiley-cyrus.jpeg","following":false}},{"slug":"Harren-Half-Hoare-45546","title":"Harren Half-Hoare","description":"Tyria","body":"Summer will end soon enough, and childhood as well.","tagList":["Test"],"createdAt":"2026-02-10T22:36:16.991Z","updatedAt":"2026-02-10T22:36:16.991Z","favorited":false,"favoritesCount":0,"author":{"username":"Osva","bio":null,"image":"https://conduit-api.bondaracademy.com/images/smiley-cyrus.jpeg","following":false}},{"slug":"Elder-Brother-45546","title":"Elder Brother","description":"Meereen","body":"A lion doesn't concern itself with the opinion of sheep.","tagList":["Git"],"createdAt":"2026-02-10T21:31:45.412Z","updatedAt":"2026-02-10T21:31:45.412Z","favorited":false,"favoritesCount":0,"author":{"username":"Osva","bio":null,"image":"https://conduit-api.bondaracademy.com/images/smiley-cyrus.jpeg","following":false}},{"slug":"Martyn-Rivers-45546","title":"Martyn Rivers","description":"Lannisport","body":"Every flight begins with a fall.","tagList":["Git"],"createdAt":"2026-02-07T04:49:46.514Z","updatedAt":"2026-02-07T04:49:46.514Z","favorited":false,"favoritesCount":0,"author":{"username":"Osva","bio":null,"image":"https://conduit-api.bondaracademy.com/images/smiley-cyrus.jpeg","following":false}}],"articlesCount":42}

15:31:33.457 [pool-2-thread-1] DEBUG com.intuit.karate - response time in milliseconds: 150
1 < 422
1 < x-powered-by: Express
1 < vary: Origin
1 < content-type: application/json; charset=utf-8
1 < etag: W/"42-XpZe/rkpj7jwgwlEfcGikMbY3LU"
1 < x-cloud-trace-context: 534f29bbfcd3d783fdb5592edb67b299
1 < date: Wed, 11 Feb 2026 20:31:33 GMT
1 < server: Google Frontend
1 < Content-Length: 66
{"errors":{"username":["is too long (maximum is 20 characters)"]}}

15:31:33.477 [pool-2-thread-2] DEBUG com.intuit.karate - request:
3 > DELETE https://conduit-api.bondaracademy.com/api/articles/Harmund-Sharp-45546
3 > Authorization: Token eyJhbGciOiJIUzI1NiIsInR5cCI6IkpXVCJ9.eyJ1c2VyIjp7ImlkIjo0NTU0Nn0sImlhdCI6MTc3MDg0MTg5MiwiZXhwIjoxNzc2MDI1ODkyfQ.7jsbgUBuILen1TZgHKl9GQu1KNsHme0podksEOSQTRg
3 > Host: conduit-api.bondaracademy.com
3 > Connection: Keep-Alive
3 > User-Agent: Apache-HttpClient/4.5.14 (Java/25.0.2)
3 > Accept-Encoding: gzip,deflate


15:31:33.507 [pool-2-thread-3] DEBUG com.intuit.karate - response time in milliseconds: 156
1 < 422
1 < x-powered-by: Express
1 < vary: Origin
1 < content-type: application/json; charset=utf-8
1 < etag: W/"42-UacmJpJtrjcDwm4VS9rFYwj6xG4"
1 < x-cloud-trace-context: 60367a7148a5dff7a01d0f3a34c10a18
1 < date: Wed, 11 Feb 2026 20:31:33 GMT
1 < server: Google Frontend
1 < Content-Length: 66
{"errors":{"password":["is too short (minimum is 8 characters)"]}}

15:31:33.662 [pool-2-thread-4] DEBUG com.intuit.karate - response time in milliseconds: 262
1 < 200
1 < x-powered-by: Express
1 < vary: Origin
1 < content-type: application/json; charset=utf-8
1 < etag: W/"136-9B5nCcvv/r9Am2hY7E6zforxaPA"
1 < x-cloud-trace-context: c5087fc6851ff87593f73fa7ae0055f6
1 < date: Wed, 11 Feb 2026 20:31:33 GMT
1 < server: Google Frontend
1 < Content-Length: 310
{"user":{"email":"elosvadel84@gmail.com","username":"Osva","bio":null,"image":"https://conduit-api.bondaracademy.com/images/smiley-cyrus.jpeg","token":"eyJhbGciOiJIUzI1NiIsInR5cCI6IkpXVCJ9.eyJ1c2VyIjp7ImlkIjo0NTU0Nn0sImlhdCI6MTc3MDg0MTg5MywiZXhwIjoxNzc2MDI1ODkzfQ.tJZwaTS_QDqmEzRdaJyw_rEhiFOJKerM9mHOmQVB5ns"}}

15:31:33.666 [pool-2-thread-4] INFO  com.intuit.karate - [print] INSIDE HELPER - TOKEN IS >>> eyJhbGciOiJIUzI1NiIsInR5cCI6IkpXVCJ9.eyJ1c2VyIjp7ImlkIjo0NTU0Nn0sImlhdCI6MTc3MDg0MTg5MywiZXhwIjoxNzc2MDI1ODkzfQ.tJZwaTS_QDqmEzRdaJyw_rEhiFOJKerM9mHOmQVB5ns 
15:31:33.771 [pool-2-thread-5] DEBUG com.intuit.karate - response time in milliseconds: 347
1 < 200
1 < x-powered-by: Express
1 < vary: Origin
1 < content-type: application/json; charset=utf-8
1 < etag: W/"136-9B5nCcvv/r9Am2hY7E6zforxaPA"
1 < x-cloud-trace-context: 190149d292496f91b8bcb5310092e990
1 < date: Wed, 11 Feb 2026 20:31:33 GMT
1 < server: Google Frontend
1 < Content-Length: 310
{"user":{"email":"elosvadel84@gmail.com","username":"Osva","bio":null,"image":"https://conduit-api.bondaracademy.com/images/smiley-cyrus.jpeg","token":"eyJhbGciOiJIUzI1NiIsInR5cCI6IkpXVCJ9.eyJ1c2VyIjp7ImlkIjo0NTU0Nn0sImlhdCI6MTc3MDg0MTg5MywiZXhwIjoxNzc2MDI1ODkzfQ.tJZwaTS_QDqmEzRdaJyw_rEhiFOJKerM9mHOmQVB5ns"}}

15:31:33.773 [pool-2-thread-5] INFO  com.intuit.karate - [print] INSIDE HELPER - TOKEN IS >>> eyJhbGciOiJIUzI1NiIsInR5cCI6IkpXVCJ9.eyJ1c2VyIjp7ImlkIjo0NTU0Nn0sImlhdCI6MTc3MDg0MTg5MywiZXhwIjoxNzc2MDI1ODkzfQ.tJZwaTS_QDqmEzRdaJyw_rEhiFOJKerM9mHOmQVB5ns 
15:31:33.774 [pool-2-thread-5] INFO  com.intuit.karate - << lock released, cached callSingle: classpath:conduitApp/helpers/CreateToken.feature
15:31:33.777 [pool-2-thread-5] INFO  com.intuit.karate - [print] === TOKEN BEING USED: NULL === 
15:31:33.790 [pool-2-thread-2] DEBUG com.intuit.karate - response time in milliseconds: 312
3 < 204
3 < x-powered-by: Express
3 < vary: Origin
3 < etag: W/"a-bAsFyilMr4Ra1hIU5PyoyFRunpI"
3 < x-cloud-trace-context: 4e988965f095111857c7cf85fdb7fb1b
3 < date: Wed, 11 Feb 2026 20:31:33 GMT
3 < content-type: text/html
3 < server: Google Frontend


15:31:33.792 [pool-2-thread-2] DEBUG com.intuit.karate - request:
4 > GET https://conduit-api.bondaracademy.com/api/articles?limit=10&offset=0
4 > Host: conduit-api.bondaracademy.com
4 > Connection: Keep-Alive
4 > User-Agent: Apache-HttpClient/4.5.14 (Java/25.0.2)
4 > Accept-Encoding: gzip,deflate


15:31:33.792 [pool-2-thread-5] INFO  com.intuit.karate - [print] === USING TITLE: null DESCRIPTION: null === 
15:31:33.811 [pool-2-thread-5] INFO  com.intuit.karate - [print] === FINAL UNIQUE TITLE: Urek Ironmaker === 
15:31:33.820 [pool-2-thread-5] DEBUG com.intuit.karate - request:
1 > POST https://conduit-api.bondaracademy.com/api/articles
1 > Authorization: Token null
1 > Content-Type: application/json; charset=UTF-8
1 > Content-Length: 161
1 > Host: conduit-api.bondaracademy.com
1 > Connection: Keep-Alive
1 > User-Agent: Apache-HttpClient/4.5.14 (Java/25.0.2)
1 > Accept-Encoding: gzip,deflate
{"article":{"title":"Urek Ironmaker","description":"Qarth","body":"Some old wounds never truly heal, and bleed again at the slightest word.","tagList":["Blog"]}}

15:31:33.986 [pool-2-thread-5] DEBUG com.intuit.karate - response time in milliseconds: 165
1 < 401
1 < x-powered-by: Express
1 < vary: Origin
1 < content-type: application/json; charset=utf-8
1 < etag: W/"40-MzpzbITdb69gTCj5BHAcyuxi2c0"
1 < x-cloud-trace-context: 356afba70a7b7e75b862652ffaf89342
1 < date: Wed, 11 Feb 2026 20:31:34 GMT
1 < server: Google Frontend
1 < Content-Length: 64
{"status":"error","message":"missing authorization credentials"}

15:31:33.989 [pool-2-thread-5] ERROR com.intuit.karate - classpath:conduitApp/performance/createArticle.feature:47
Then status 201
status code was: 401, expected: 201, response time in milliseconds: 165, url: https://conduit-api.bondaracademy.com/api/articles, response: 
{"status":"error","message":"missing authorization credentials"}
classpath:conduitApp/performance/createArticle.feature:47
15:31:34.112 [pool-2-thread-2] DEBUG com.intuit.karate - response time in milliseconds: 319
4 < 200
4 < x-powered-by: Express
4 < vary: Origin
4 < content-type: application/json; charset=utf-8
4 < etag: W/"43a9-pqdQxP+KQGbFJE+UM+gzQW76HzQ"
4 < x-cloud-trace-context: bf25f9934478e61b2b4b8f3709d7a7e5
4 < date: Wed, 11 Feb 2026 20:31:34 GMT
4 < server: Google Frontend
4 < Content-Length: 17321
{"articles":[{"slug":"Discover-Bondar-Academy:-Your-Gateway-to-Efficient-Learning-1","title":"Discover Bondar Academy: Your Gateway to Efficient Learning","description":"Discover Bondar Academy's unique place in the educational landscape, where value-focused and efficient learning approaches converge. Our goal is to rapidly enhance your professional technical skills, boosting your market competitiveness and paving the way for higher-paying job opportunities. The speed of your progress is in your hands – you set the pace, and we provide the solutions and support to help you achieve your desired outcomes.","body":"Bondar Academy is a leading platform for efficient education, designed to boost your technical skills and advance your career in Quality Assurance (QA). Our program features a balanced mix of pre-recorded lectures and live sessions, allowing each student to study at their own pace and at a time that suits them. \n\nOur instructors are readily available on our Slack Workspace for support. Whether it's a quick question or a more complex issue requiring a Zoom call or Slack Huddle for screen sharing and live discussion, we're here to assist. Additionally, each class comes with a comprehensive question bank for self-assessment. Following each lecture, you have the opportunity to validate your understanding and readiness to progress to the next topic. You set the pace, and we provide the solutions to ensure you achieve your desired outcomes.\n\nSignUp today: https://www.bondaracademy.com","tagList":["qa career","Bondar Academy","QA Skills","Value-Focused"],"createdAt":"2024-01-27T21:52:32.682Z","updatedAt":"2024-01-27T21:52:32.682Z","favorited":false,"favoritesCount":1711,"author":{"username":"Artem Bondar","bio":null,"image":"https://storage.googleapis.com/bondar-academy-visuals/Android.png","following":false}},{"slug":"The-value-of-pre-recorded-video-classes.-The-most-efficient-approach-to-tranfer-the-knowledge-1","title":"The value of pre-recorded video classes. The most efficient approach to tranfer the knowledge","description":"As educational practices evolve, video tutorials have emerged as the most efficient method for imparting theoretical knowledge. At Bondar Academy, we prioritize expertly structured and crafted video tutorials, ensuring you learn quickly and effectively and advance your skills.","body":"At Bondar Academy, we prioritize the value of your time and the efficiency of your education, distinguishing our approach from traditional colleges and live boot camps. Forget long, tedious live lectures on a fixed schedule. With us, you learn at your convenience and pace through optimized, structured video lectures. \n\nWe understand your goal is rapid knowledge acquisition. Our pre-recorded and well-organized lectures are designed precisely for this, ensuring no slowdowns from group dynamics or unrelated instructor anecdotes. \n\nDive straight into the subject matter, learn efficiently, and if questions arise, our immediate support on the Slack Workspace is there to streamline your learning process and swiftly remove any roadblocks.","tagList":["Bondar Academy","Video Lectures","Tutorials"],"createdAt":"2024-01-27T21:50:38.825Z","updatedAt":"2024-01-27T21:50:38.825Z","favorited":false,"favoritesCount":453,"author":{"username":"Artem Bondar","bio":null,"image":"https://storage.googleapis.com/bondar-academy-visuals/Android.png","following":false}},{"slug":"Mastering-Knowledge-with-Self-Assessments:-Identifying-and-Bridging-Learning-Gaps-in-Education-1","title":"Mastering Knowledge with Self-Assessments: Identifying and Bridging Learning Gaps in Education","description":"Self-assessment is an essential tool for gauging your understanding of lecture material. It answers critical questions: Have you grasped everything correctly? Is there anything you've missed? Are you prepared for the next lesson? These assessments ensure that you build a solid foundation of knowledge, confidently and efficiently paving the way for swift progress and effective learning outcomes.","body":"Traditional educational institutions, such as colleges and universities, commonly use tests and assessments to measure knowledge. This approach is effective for gauging student performance, but it's not without drawbacks. In these settings, assessments after every lecture aren't feasible due to the time required for teachers to evaluate them. This often leads to students having a false sense of understanding, believing they've comprehended all aspects of a lecture when, in reality, small but crucial details might be missed. These 'knowledge gaps' can accumulate, making more complex topics difficult to grasp later on.\n\nAt Bondar Academy, we address this challenge by implementing self-assessments after every lecture. These are designed to cover key questions that ensure a thorough understanding of the material, essential for comfort and success in future lectures. The number of questions varies, ranging from 3-4 to 15-20, depending on the lecture's significance and the volume of critical information. With these self-assessments, students receive immediate feedback, helping them determine if they've fully understood the lecture or if they need to revisit certain parts or seek assistance from our instructors in the Slack Workspace.","tagList":["Self-Assessment","Test","Exam"],"createdAt":"2024-01-27T21:48:36.340Z","updatedAt":"2024-01-27T21:48:36.340Z","favorited":false,"favoritesCount":224,"author":{"username":"Artem Bondar","bio":null,"image":"https://storage.googleapis.com/bondar-academy-visuals/Android.png","following":false}},{"slug":"Practical-Implementation-of-Skills:-Homework-Assignments-with-Instructor-Supervision-1","title":"Practical Implementation of Skills: Homework Assignments with Instructor Supervision","description":"Knowledge or skills not reinforced through practical exercises can quickly fade, often faster than anticipated. Homework, particularly in tasks like writing your own code, is crucial for honing these skills and cementing your understanding. At Bondar Academy, we ensure this vital step by assigning homework, rigorously evaluating the outcomes, and providing valuable feedback to guide your learning journey.","body":"Homework assignments are a fundamental component of the educational methodology at Bondar Academy, especially in technical education where learning a new programming language or framework is involved. The key to mastering these skills lies in writing code; the more you write, the better you become. However, merely replicating code seen in lectures leads to minimal learning. Often, this approach leaves students unclear about why their code works the way it does, as they focus on copying rather than understanding.\n\nA homework assignment at Bondar Academy starts with a blank page, challenging students to apply all their knowledge to write the first line of code. This process is more demanding than it appears. As you write each line, understanding and reasoning grow, making your code meaningful and comprehensible. You learn to write code that makes sense to you, enhancing your understanding.\n\nIn completing these assignments, you engage the 'thinking' part of your brain, transforming theoretical knowledge into practical skills. Recognizing the crucial role of homework in learning, our instructors at Bondar Academy are always available to assist with any challenges. Just reach out on Slack, and you'll receive the guidance and support needed for successful completion. At Bondar Academy, we fully understand the importance of homework assignments for the best outcome, so our instructors are always here to assist if you have any difficulties with completing them. Just ask in Slack and you'll be guided and assisted.","tagList":["Homework","Assignments","Practice","Coding"],"createdAt":"2024-01-27T21:46:09.512Z","updatedAt":"2024-01-27T21:46:09.512Z","favorited":false,"favoritesCount":102,"author":{"username":"Artem Bondar","bio":null,"image":"https://storage.googleapis.com/bondar-academy-visuals/Android.png","following":false}},{"slug":"Embracing-Daily-Git-Routines:-Real-Code-Reviews-on-GitHub-for-Effective-Coding-Practice.-1","title":"Embracing Daily Git Routines: Real Code Reviews on GitHub for Effective Coding Practice.","description":"Learning to code is just one part of a larger skill set; effectively managing and organizing code is equally crucial. At Bondar Academy, we integrate Git and platforms like GitHub into the core learning cycle. With us, using Git becomes a regular routine, where organizing code in branches, storing it in remote repositories, and collaborating with others through strategies like branching, merging, pull requests, and code reviews are standard practice.","body":"At Bondar Academy, mastering Git and GitHub is a fundamental step before delving into frameworks or programming languages. Effective code management, organization, and storage are crucial skills, and Git is the premier tool for this purpose. However, many learners initially find Git challenging due to its complexity and non-intuitive nature. To address this, our instructors have developed structured lectures on Git and GitHub, ensuring an efficient and thorough understanding of these essential tools. Git lessons are a mandatory prerequisite in every class. For a glimpse into our teaching approach, visit our YouTube channel: https://www.youtube.com/@BondarAcademy/playlists.\n\nIn our courses, all homework assignments are reviewed using GitHub pull requests, mirroring the workflow in real-world software development environments. Students submit their code to their working branch for review. Our instructors then provide feedback, suggesting modifications or adjustments for pull request approval. This iterative process is repeated throughout the course, establishing Git usage as a natural and routine part of your coding practice.","tagList":["YouTube","Git","GitHub"],"createdAt":"2024-01-27T21:42:31.491Z","updatedAt":"2024-01-27T21:42:31.491Z","favorited":false,"favoritesCount":103,"author":{"username":"Artem Bondar","bio":null,"image":"https://storage.googleapis.com/bondar-academy-visuals/Android.png","following":false}},{"slug":"Engaging-in-Live-Zoom-Sessions:-Interact-with-Instructors-and-Peers-Ask-Questions-in-Real-Time-1","title":"Engaging in Live Zoom Sessions: Interact with Instructors and Peers, Ask Questions in Real-Time","description":"In our increasingly online world, personal engagement remains a crucial element of effective learning. At Bondar Academy, we address this by hosting live Zoom sessions. These sessions provide a platform for live interaction between instructors and students, and among students themselves. Complementing our Slack channel, these live sessions offer an additional avenue for asking questions and engaging in meaningful discussions.","body":"In our increasingly online world, personal engagement remains a crucial element of effective learning. \nAt Bondar Academy, we address this by hosting live Zoom sessions. These sessions provide a platform for live interaction between instructors and students and among students themselves. Complementing our Slack channel, these live sessions offer an additional avenue for asking questions and engaging in meaningful discussions.","tagList":["Zoom","Live Sessions"],"createdAt":"2024-01-27T21:39:50.587Z","updatedAt":"2024-01-27T21:39:50.587Z","favorited":false,"favoritesCount":75,"author":{"username":"Artem Bondar","bio":null,"image":"https://storage.googleapis.com/bondar-academy-visuals/Android.png","following":false}},{"slug":"Utilizing-Slack-for-Continuous-Engagement:-Connect-with-Instructors-Share-Insights-and-Collaborate-1","title":"Utilizing Slack for Continuous Engagement: Connect with Instructors, Share Insights, and Collaborate","description":"Slack stands out as a widely-used messaging and collaboration platform, celebrated for its convenience and versatility. It enables simultaneous participation in multiple conversations, supports comments and emoji reactions, and allows users to share screenshots, videos, and code snippets. Its functionality extends to making calls in huddle sessions. Given these robust features, Bondar Academy has chosen Slack as our primary communication platform, facilitating seamless interaction and collaboration.","body":"As a new member of Bondar Academy, one of your initial steps should be registering for the Bondar Academy Slack Workspace. Upon registration at Bondar Academy, you'll receive a welcome email containing the URL to join. This Workspace serves as a central hub for communication with instructors and fellow students. Whether you have a question, need to share code, or want to upload screenshots, Slack makes it easy and efficient. Moreover, its compatibility with both desktop and mobile devices, by downloading and installing the app, ensures you can stay connected with your instructors and the community wherever you go.","tagList":["Slack","Community","Collaboration"],"createdAt":"2024-01-27T21:38:27.992Z","updatedAt":"2024-01-27T21:38:27.992Z","favorited":false,"favoritesCount":70,"author":{"username":"Artem Bondar","bio":null,"image":"https://storage.googleapis.com/bondar-academy-visuals/Android.png","following":false}},{"slug":"Stay-Ahead-with-Bondar-Academy:-Subscribe-to-Our-YouTube-channel-for-Latest-Tech-and-Education-Updates-1","title":"Stay Ahead with Bondar Academy: Subscribe to Our YouTube channel for Latest Tech and Education Updates","description":"Who doesn't appreciate high-quality free resources? YouTube serves as an ideal platform for sharing the latest news, updates, and a wealth of tips and tricks in test automation and technology. Keep abreast of these invaluable insights by subscribing to the @bondaracademy YouTube channel.","body":"Who doesn't appreciate high-quality free resources? \n\nYouTube serves as an ideal platform for sharing the latest news, updates, and a wealth of tips and tricks in test automation and technology. \n\nKeep abreast of these invaluable insights by subscribing to our YouTube channel: https://www.youtube.com/@bondaracademy","tagList":["YouTube"],"createdAt":"2024-01-27T21:36:32.360Z","updatedAt":"2024-01-27T21:36:32.360Z","favorited":false,"favoritesCount":66,"author":{"username":"Artem Bondar","bio":null,"image":"https://storage.googleapis.com/bondar-academy-visuals/Android.png","following":false}},{"slug":"Explore-the-Latest-in-Learning:-Bondar-Academy-Blog's-Educational-Insights-from-Our-Experts-1","title":"Explore the Latest in Learning: Bondar Academy Blog's Educational Insights from Our Experts","description":"Discover a treasure trove of knowledge on the Bondar Academy blog. Here, we share an array of tips, techniques, and valuable educational materials, all designed to keep you abreast of the latest technological trends and best practices. For easy access and continual learning, consider bookmarking our blog in your browser.","body":"On the Bondar Academy blog, we consistently provide insightful and pertinent updates on the latest in technology, test automation, and industry best practices. For your convenience, we recommend adding our blog to your browser's bookmarks. Our commitment to keeping you informed is reflected in our weekly posts, each focusing on a significant topic of the week.\n\nWe value your input and invite you to contribute to our ever-evolving content. If you have any suggestions or specific topics you'd like us to explore, please feel free to share your ideas in the Bondar Academy Slack workspace. \n\nDiscover our blog here: https://www.bondaracademy.com/blog\n","tagList":["Blog"],"createdAt":"2024-01-27T21:34:04.531Z","updatedAt":"2024-01-27T21:34:04.531Z","favorited":false,"favoritesCount":67,"author":{"username":"Artem Bondar","bio":null,"image":"https://storage.googleapis.com/bondar-academy-visuals/Android.png","following":false}},{"slug":"Take-the-Next-Step:-Join-Bondar-Academy-Today-and-Enroll-into-the-class-1","title":"Take the Next Step: Join Bondar Academy Today and Enroll into the class","description":"Are you prepared to transform your educational journey? Begin by signing up at Bondar Academy, then register for our Slack Workspace to start exploring. We offer a range of classes, with some being completely free and others featuring free previews of the initial sections. This allows you to experience our content and teaching approach firsthand, helping you make an informed decision before enrolling in a class.","body":"Are you prepared to transform your educational journey? \n\nBegin by signing up at Bondar Academy, then register for our Slack Workspace to start exploring. We offer a range of classes, with some being completely free and others featuring free previews of the initial sections. This allows you to experience our content and teaching approach firsthand, helping you make an informed decision before enrolling in a class.\n\nClick here to enroll: https://www.bondaracademy.com","tagList":["Enroll","Start for Free"],"createdAt":"2024-01-27T21:32:21.056Z","updatedAt":"2024-01-27T21:32:21.056Z","favorited":false,"favoritesCount":71,"author":{"username":"Artem Bondar","bio":null,"image":"https://storage.googleapis.com/bondar-academy-visuals/Android.png","following":false}}],"articlesCount":10}

15:31:34.840 [pool-3-thread-1] INFO  com.intuit.karate.Suite - <<pass>> feature 1 of 5 (4 remaining) classpath:conduitApp/feature/Articles.feature
15:31:34.954 [pool-3-thread-1] INFO  com.intuit.karate.Suite - <<pass>> feature 2 of 5 (3 remaining) classpath:conduitApp/feature/HomePage.feature
15:31:35.134 [pool-3-thread-1] INFO  com.intuit.karate.Suite - <<pass>> feature 3 of 5 (2 remaining) classpath:conduitApp/feature/SignUpUsers.feature
15:31:35.211 [pool-3-thread-1] INFO  com.intuit.karate.Suite - <<pass>> feature 4 of 5 (1 remaining) classpath:conduitApp/helpers/CreateToken.feature
15:31:35.357 [pool-3-thread-1] INFO  com.intuit.karate.Suite - <<fail>> feature 5 of 5 (0 remaining) classpath:conduitApp/performance/createArticle.feature
15:33:16.098 [main] DEBUG com.intuit.karate.Suite - [config] classpath:karate-config.js
15:33:16.103 [main] INFO  com.intuit.karate.Suite - backed up existing 'target/karate-reports' dir to: target/karate-reports_1770841996102
15:33:16.110 [main] DEBUG com.intuit.karate.Suite - waiting for 4 features to complete
15:33:17.083 [pool-2-thread-4] INFO  com.intuit.karate - karate.env system property was: null 
15:33:17.083 [pool-2-thread-1] INFO  com.intuit.karate - karate.env system property was: null 
15:33:17.083 [pool-2-thread-2] INFO  com.intuit.karate - karate.env system property was: null 
15:33:17.083 [pool-2-thread-5] INFO  com.intuit.karate - karate.env system property was: null 
15:33:17.083 [pool-2-thread-3] INFO  com.intuit.karate - karate.env system property was: null 
15:33:17.165 [pool-2-thread-1] INFO  com.intuit.karate - >> lock acquired, begin callonce: read('classpath:conduitApp/helpers/CreateToken.feature')
15:33:17.367 [pool-2-thread-4] DEBUG com.intuit.karate - request:
1 > GET https://conduit-api.bondaracademy.com/api/articles?limit=10&offset=0
1 > Host: conduit-api.bondaracademy.com
1 > Connection: Keep-Alive
1 > User-Agent: Apache-HttpClient/4.5.14 (Java/25.0.2)
1 > Accept-Encoding: gzip,deflate


15:33:17.367 [pool-2-thread-3] DEBUG com.intuit.karate - request:
1 > GET https://conduit-api.bondaracademy.com/api/tags
1 > Host: conduit-api.bondaracademy.com
1 > Connection: Keep-Alive
1 > User-Agent: Apache-HttpClient/4.5.14 (Java/25.0.2)
1 > Accept-Encoding: gzip,deflate


15:33:17.367 [pool-2-thread-5] DEBUG com.intuit.karate - request:
1 > POST https://conduit-api.bondaracademy.com/api/users
1 > Content-Type: application/json; charset=UTF-8
1 > Content-Length: 92
1 > Host: conduit-api.bondaracademy.com
1 > Connection: Keep-Alive
1 > User-Agent: Apache-HttpClient/4.5.14 (Java/25.0.2)
1 > Accept-Encoding: gzip,deflate
{"user":{"username":"johanna.vonrueden","email":"glen53@test.com","password":"password123"}}

15:33:17.367 [pool-2-thread-1] DEBUG com.intuit.karate - request:
1 > POST https://conduit-api.bondaracademy.com/api/users/login
1 > Content-Type: application/json; charset=UTF-8
1 > Content-Length: 65
1 > Host: conduit-api.bondaracademy.com
1 > Connection: Keep-Alive
1 > User-Agent: Apache-HttpClient/4.5.14 (Java/25.0.2)
1 > Accept-Encoding: gzip,deflate
{"user":{"email":"elosvadel84@gmail.com","password":"Osva12345"}}

15:33:18.054 [pool-2-thread-3] DEBUG com.intuit.karate - response time in milliseconds: 684
1 < 200
1 < x-powered-by: Express
1 < vary: Origin
1 < content-type: application/json; charset=utf-8
1 < etag: W/"72-i/q0b/2v9qFFCyaHtQk6bCJ49Hc"
1 < x-cloud-trace-context: 087b5f85e333947e904587ff3da1c971
1 < date: Wed, 11 Feb 2026 20:33:18 GMT
1 < server: Google Frontend
1 < Content-Length: 114
{"tags":["Test","Blog","Git","YouTube","Slack","Zoom","GitHub","Value-Focused","Bondar Academy","Start for Free"]}

15:33:18.087 [pool-2-thread-3] INFO  com.intuit.karate - karate.env system property was: null 
15:33:18.137 [pool-2-thread-3] DEBUG com.intuit.karate - request:
1 > POST https://conduit-api.bondaracademy.com/api/users
1 > Content-Type: application/json; charset=UTF-8
1 > Content-Length: 94
1 > Host: conduit-api.bondaracademy.com
1 > Connection: Keep-Alive
1 > User-Agent: Apache-HttpClient/4.5.14 (Java/25.0.2)
1 > Accept-Encoding: gzip,deflate
{"user":{"username":"theodore.kuvalis","email":"KarateUser1@test.com","password":"Karate123"}}

15:33:18.173 [pool-2-thread-1] DEBUG com.intuit.karate - response time in milliseconds: 806
1 < 200
1 < x-powered-by: Express
1 < vary: Origin
1 < content-type: application/json; charset=utf-8
1 < etag: W/"136-j+UaiKO9DSR8XWT8lX/XaCaFCpA"
1 < x-cloud-trace-context: 3e2f6b848379541c51621930ecdb8d63
1 < date: Wed, 11 Feb 2026 20:33:18 GMT
1 < server: Google Frontend
1 < Content-Length: 310
{"user":{"email":"elosvadel84@gmail.com","username":"Osva","bio":null,"image":"https://conduit-api.bondaracademy.com/images/smiley-cyrus.jpeg","token":"eyJhbGciOiJIUzI1NiIsInR5cCI6IkpXVCJ9.eyJ1c2VyIjp7ImlkIjo0NTU0Nn0sImlhdCI6MTc3MDg0MTk5OCwiZXhwIjoxNzc2MDI1OTk4fQ.IFg2TzoPs8u7omZr8XWGiPAF_MtiqZHcjJWPMlWr_7U"}}

15:33:18.176 [pool-2-thread-1] INFO  com.intuit.karate - [print] INSIDE HELPER - TOKEN IS >>> eyJhbGciOiJIUzI1NiIsInR5cCI6IkpXVCJ9.eyJ1c2VyIjp7ImlkIjo0NTU0Nn0sImlhdCI6MTc3MDg0MTk5OCwiZXhwIjoxNzc2MDI1OTk4fQ.IFg2TzoPs8u7omZr8XWGiPAF_MtiqZHcjJWPMlWr_7U 
15:33:18.177 [pool-2-thread-1] INFO  com.intuit.karate - << lock released, cached callonce: read('classpath:conduitApp/helpers/CreateToken.feature')
15:33:18.178 [pool-2-thread-2] WARN  com.intuit.karate - this thread waited 1013 milliseconds for callonce lock: read('classpath:conduitApp/helpers/CreateToken.feature')
15:33:18.204 [pool-2-thread-4] DEBUG com.intuit.karate - response time in milliseconds: 836
1 < 200
1 < x-powered-by: Express
1 < vary: Origin
1 < content-type: application/json; charset=utf-8
1 < etag: W/"43a9-pqdQxP+KQGbFJE+UM+gzQW76HzQ"
1 < x-cloud-trace-context: b56597ca3fba8dedb0bf389339adae35
1 < date: Wed, 11 Feb 2026 20:33:18 GMT
1 < server: Google Frontend
1 < Content-Length: 17321
{"articles":[{"slug":"Discover-Bondar-Academy:-Your-Gateway-to-Efficient-Learning-1","title":"Discover Bondar Academy: Your Gateway to Efficient Learning","description":"Discover Bondar Academy's unique place in the educational landscape, where value-focused and efficient learning approaches converge. Our goal is to rapidly enhance your professional technical skills, boosting your market competitiveness and paving the way for higher-paying job opportunities. The speed of your progress is in your hands – you set the pace, and we provide the solutions and support to help you achieve your desired outcomes.","body":"Bondar Academy is a leading platform for efficient education, designed to boost your technical skills and advance your career in Quality Assurance (QA). Our program features a balanced mix of pre-recorded lectures and live sessions, allowing each student to study at their own pace and at a time that suits them. \n\nOur instructors are readily available on our Slack Workspace for support. Whether it's a quick question or a more complex issue requiring a Zoom call or Slack Huddle for screen sharing and live discussion, we're here to assist. Additionally, each class comes with a comprehensive question bank for self-assessment. Following each lecture, you have the opportunity to validate your understanding and readiness to progress to the next topic. You set the pace, and we provide the solutions to ensure you achieve your desired outcomes.\n\nSignUp today: https://www.bondaracademy.com","tagList":["qa career","Bondar Academy","QA Skills","Value-Focused"],"createdAt":"2024-01-27T21:52:32.682Z","updatedAt":"2024-01-27T21:52:32.682Z","favorited":false,"favoritesCount":1711,"author":{"username":"Artem Bondar","bio":null,"image":"https://storage.googleapis.com/bondar-academy-visuals/Android.png","following":false}},{"slug":"The-value-of-pre-recorded-video-classes.-The-most-efficient-approach-to-tranfer-the-knowledge-1","title":"The value of pre-recorded video classes. The most efficient approach to tranfer the knowledge","description":"As educational practices evolve, video tutorials have emerged as the most efficient method for imparting theoretical knowledge. At Bondar Academy, we prioritize expertly structured and crafted video tutorials, ensuring you learn quickly and effectively and advance your skills.","body":"At Bondar Academy, we prioritize the value of your time and the efficiency of your education, distinguishing our approach from traditional colleges and live boot camps. Forget long, tedious live lectures on a fixed schedule. With us, you learn at your convenience and pace through optimized, structured video lectures. \n\nWe understand your goal is rapid knowledge acquisition. Our pre-recorded and well-organized lectures are designed precisely for this, ensuring no slowdowns from group dynamics or unrelated instructor anecdotes. \n\nDive straight into the subject matter, learn efficiently, and if questions arise, our immediate support on the Slack Workspace is there to streamline your learning process and swiftly remove any roadblocks.","tagList":["Bondar Academy","Video Lectures","Tutorials"],"createdAt":"2024-01-27T21:50:38.825Z","updatedAt":"2024-01-27T21:50:38.825Z","favorited":false,"favoritesCount":453,"author":{"username":"Artem Bondar","bio":null,"image":"https://storage.googleapis.com/bondar-academy-visuals/Android.png","following":false}},{"slug":"Mastering-Knowledge-with-Self-Assessments:-Identifying-and-Bridging-Learning-Gaps-in-Education-1","title":"Mastering Knowledge with Self-Assessments: Identifying and Bridging Learning Gaps in Education","description":"Self-assessment is an essential tool for gauging your understanding of lecture material. It answers critical questions: Have you grasped everything correctly? Is there anything you've missed? Are you prepared for the next lesson? These assessments ensure that you build a solid foundation of knowledge, confidently and efficiently paving the way for swift progress and effective learning outcomes.","body":"Traditional educational institutions, such as colleges and universities, commonly use tests and assessments to measure knowledge. This approach is effective for gauging student performance, but it's not without drawbacks. In these settings, assessments after every lecture aren't feasible due to the time required for teachers to evaluate them. This often leads to students having a false sense of understanding, believing they've comprehended all aspects of a lecture when, in reality, small but crucial details might be missed. These 'knowledge gaps' can accumulate, making more complex topics difficult to grasp later on.\n\nAt Bondar Academy, we address this challenge by implementing self-assessments after every lecture. These are designed to cover key questions that ensure a thorough understanding of the material, essential for comfort and success in future lectures. The number of questions varies, ranging from 3-4 to 15-20, depending on the lecture's significance and the volume of critical information. With these self-assessments, students receive immediate feedback, helping them determine if they've fully understood the lecture or if they need to revisit certain parts or seek assistance from our instructors in the Slack Workspace.","tagList":["Self-Assessment","Test","Exam"],"createdAt":"2024-01-27T21:48:36.340Z","updatedAt":"2024-01-27T21:48:36.340Z","favorited":false,"favoritesCount":224,"author":{"username":"Artem Bondar","bio":null,"image":"https://storage.googleapis.com/bondar-academy-visuals/Android.png","following":false}},{"slug":"Practical-Implementation-of-Skills:-Homework-Assignments-with-Instructor-Supervision-1","title":"Practical Implementation of Skills: Homework Assignments with Instructor Supervision","description":"Knowledge or skills not reinforced through practical exercises can quickly fade, often faster than anticipated. Homework, particularly in tasks like writing your own code, is crucial for honing these skills and cementing your understanding. At Bondar Academy, we ensure this vital step by assigning homework, rigorously evaluating the outcomes, and providing valuable feedback to guide your learning journey.","body":"Homework assignments are a fundamental component of the educational methodology at Bondar Academy, especially in technical education where learning a new programming language or framework is involved. The key to mastering these skills lies in writing code; the more you write, the better you become. However, merely replicating code seen in lectures leads to minimal learning. Often, this approach leaves students unclear about why their code works the way it does, as they focus on copying rather than understanding.\n\nA homework assignment at Bondar Academy starts with a blank page, challenging students to apply all their knowledge to write the first line of code. This process is more demanding than it appears. As you write each line, understanding and reasoning grow, making your code meaningful and comprehensible. You learn to write code that makes sense to you, enhancing your understanding.\n\nIn completing these assignments, you engage the 'thinking' part of your brain, transforming theoretical knowledge into practical skills. Recognizing the crucial role of homework in learning, our instructors at Bondar Academy are always available to assist with any challenges. Just reach out on Slack, and you'll receive the guidance and support needed for successful completion. At Bondar Academy, we fully understand the importance of homework assignments for the best outcome, so our instructors are always here to assist if you have any difficulties with completing them. Just ask in Slack and you'll be guided and assisted.","tagList":["Homework","Assignments","Practice","Coding"],"createdAt":"2024-01-27T21:46:09.512Z","updatedAt":"2024-01-27T21:46:09.512Z","favorited":false,"favoritesCount":102,"author":{"username":"Artem Bondar","bio":null,"image":"https://storage.googleapis.com/bondar-academy-visuals/Android.png","following":false}},{"slug":"Embracing-Daily-Git-Routines:-Real-Code-Reviews-on-GitHub-for-Effective-Coding-Practice.-1","title":"Embracing Daily Git Routines: Real Code Reviews on GitHub for Effective Coding Practice.","description":"Learning to code is just one part of a larger skill set; effectively managing and organizing code is equally crucial. At Bondar Academy, we integrate Git and platforms like GitHub into the core learning cycle. With us, using Git becomes a regular routine, where organizing code in branches, storing it in remote repositories, and collaborating with others through strategies like branching, merging, pull requests, and code reviews are standard practice.","body":"At Bondar Academy, mastering Git and GitHub is a fundamental step before delving into frameworks or programming languages. Effective code management, organization, and storage are crucial skills, and Git is the premier tool for this purpose. However, many learners initially find Git challenging due to its complexity and non-intuitive nature. To address this, our instructors have developed structured lectures on Git and GitHub, ensuring an efficient and thorough understanding of these essential tools. Git lessons are a mandatory prerequisite in every class. For a glimpse into our teaching approach, visit our YouTube channel: https://www.youtube.com/@BondarAcademy/playlists.\n\nIn our courses, all homework assignments are reviewed using GitHub pull requests, mirroring the workflow in real-world software development environments. Students submit their code to their working branch for review. Our instructors then provide feedback, suggesting modifications or adjustments for pull request approval. This iterative process is repeated throughout the course, establishing Git usage as a natural and routine part of your coding practice.","tagList":["YouTube","Git","GitHub"],"createdAt":"2024-01-27T21:42:31.491Z","updatedAt":"2024-01-27T21:42:31.491Z","favorited":false,"favoritesCount":103,"author":{"username":"Artem Bondar","bio":null,"image":"https://storage.googleapis.com/bondar-academy-visuals/Android.png","following":false}},{"slug":"Engaging-in-Live-Zoom-Sessions:-Interact-with-Instructors-and-Peers-Ask-Questions-in-Real-Time-1","title":"Engaging in Live Zoom Sessions: Interact with Instructors and Peers, Ask Questions in Real-Time","description":"In our increasingly online world, personal engagement remains a crucial element of effective learning. At Bondar Academy, we address this by hosting live Zoom sessions. These sessions provide a platform for live interaction between instructors and students, and among students themselves. Complementing our Slack channel, these live sessions offer an additional avenue for asking questions and engaging in meaningful discussions.","body":"In our increasingly online world, personal engagement remains a crucial element of effective learning. \nAt Bondar Academy, we address this by hosting live Zoom sessions. These sessions provide a platform for live interaction between instructors and students and among students themselves. Complementing our Slack channel, these live sessions offer an additional avenue for asking questions and engaging in meaningful discussions.","tagList":["Zoom","Live Sessions"],"createdAt":"2024-01-27T21:39:50.587Z","updatedAt":"2024-01-27T21:39:50.587Z","favorited":false,"favoritesCount":75,"author":{"username":"Artem Bondar","bio":null,"image":"https://storage.googleapis.com/bondar-academy-visuals/Android.png","following":false}},{"slug":"Utilizing-Slack-for-Continuous-Engagement:-Connect-with-Instructors-Share-Insights-and-Collaborate-1","title":"Utilizing Slack for Continuous Engagement: Connect with Instructors, Share Insights, and Collaborate","description":"Slack stands out as a widely-used messaging and collaboration platform, celebrated for its convenience and versatility. It enables simultaneous participation in multiple conversations, supports comments and emoji reactions, and allows users to share screenshots, videos, and code snippets. Its functionality extends to making calls in huddle sessions. Given these robust features, Bondar Academy has chosen Slack as our primary communication platform, facilitating seamless interaction and collaboration.","body":"As a new member of Bondar Academy, one of your initial steps should be registering for the Bondar Academy Slack Workspace. Upon registration at Bondar Academy, you'll receive a welcome email containing the URL to join. This Workspace serves as a central hub for communication with instructors and fellow students. Whether you have a question, need to share code, or want to upload screenshots, Slack makes it easy and efficient. Moreover, its compatibility with both desktop and mobile devices, by downloading and installing the app, ensures you can stay connected with your instructors and the community wherever you go.","tagList":["Slack","Community","Collaboration"],"createdAt":"2024-01-27T21:38:27.992Z","updatedAt":"2024-01-27T21:38:27.992Z","favorited":false,"favoritesCount":70,"author":{"username":"Artem Bondar","bio":null,"image":"https://storage.googleapis.com/bondar-academy-visuals/Android.png","following":false}},{"slug":"Stay-Ahead-with-Bondar-Academy:-Subscribe-to-Our-YouTube-channel-for-Latest-Tech-and-Education-Updates-1","title":"Stay Ahead with Bondar Academy: Subscribe to Our YouTube channel for Latest Tech and Education Updates","description":"Who doesn't appreciate high-quality free resources? YouTube serves as an ideal platform for sharing the latest news, updates, and a wealth of tips and tricks in test automation and technology. Keep abreast of these invaluable insights by subscribing to the @bondaracademy YouTube channel.","body":"Who doesn't appreciate high-quality free resources? \n\nYouTube serves as an ideal platform for sharing the latest news, updates, and a wealth of tips and tricks in test automation and technology. \n\nKeep abreast of these invaluable insights by subscribing to our YouTube channel: https://www.youtube.com/@bondaracademy","tagList":["YouTube"],"createdAt":"2024-01-27T21:36:32.360Z","updatedAt":"2024-01-27T21:36:32.360Z","favorited":false,"favoritesCount":66,"author":{"username":"Artem Bondar","bio":null,"image":"https://storage.googleapis.com/bondar-academy-visuals/Android.png","following":false}},{"slug":"Explore-the-Latest-in-Learning:-Bondar-Academy-Blog's-Educational-Insights-from-Our-Experts-1","title":"Explore the Latest in Learning: Bondar Academy Blog's Educational Insights from Our Experts","description":"Discover a treasure trove of knowledge on the Bondar Academy blog. Here, we share an array of tips, techniques, and valuable educational materials, all designed to keep you abreast of the latest technological trends and best practices. For easy access and continual learning, consider bookmarking our blog in your browser.","body":"On the Bondar Academy blog, we consistently provide insightful and pertinent updates on the latest in technology, test automation, and industry best practices. For your convenience, we recommend adding our blog to your browser's bookmarks. Our commitment to keeping you informed is reflected in our weekly posts, each focusing on a significant topic of the week.\n\nWe value your input and invite you to contribute to our ever-evolving content. If you have any suggestions or specific topics you'd like us to explore, please feel free to share your ideas in the Bondar Academy Slack workspace. \n\nDiscover our blog here: https://www.bondaracademy.com/blog\n","tagList":["Blog"],"createdAt":"2024-01-27T21:34:04.531Z","updatedAt":"2024-01-27T21:34:04.531Z","favorited":false,"favoritesCount":67,"author":{"username":"Artem Bondar","bio":null,"image":"https://storage.googleapis.com/bondar-academy-visuals/Android.png","following":false}},{"slug":"Take-the-Next-Step:-Join-Bondar-Academy-Today-and-Enroll-into-the-class-1","title":"Take the Next Step: Join Bondar Academy Today and Enroll into the class","description":"Are you prepared to transform your educational journey? Begin by signing up at Bondar Academy, then register for our Slack Workspace to start exploring. We offer a range of classes, with some being completely free and others featuring free previews of the initial sections. This allows you to experience our content and teaching approach firsthand, helping you make an informed decision before enrolling in a class.","body":"Are you prepared to transform your educational journey? \n\nBegin by signing up at Bondar Academy, then register for our Slack Workspace to start exploring. We offer a range of classes, with some being completely free and others featuring free previews of the initial sections. This allows you to experience our content and teaching approach firsthand, helping you make an informed decision before enrolling in a class.\n\nClick here to enroll: https://www.bondaracademy.com","tagList":["Enroll","Start for Free"],"createdAt":"2024-01-27T21:32:21.056Z","updatedAt":"2024-01-27T21:32:21.056Z","favorited":false,"favoritesCount":71,"author":{"username":"Artem Bondar","bio":null,"image":"https://storage.googleapis.com/bondar-academy-visuals/Android.png","following":false}}],"articlesCount":10}

15:33:18.211 [pool-2-thread-1] DEBUG com.intuit.karate - request:
1 > POST https://conduit-api.bondaracademy.com/api/articles
1 > Authorization: Token eyJhbGciOiJIUzI1NiIsInR5cCI6IkpXVCJ9.eyJ1c2VyIjp7ImlkIjo0NTU0Nn0sImlhdCI6MTc3MDg0MTk5OCwiZXhwIjoxNzc2MDI1OTk4fQ.IFg2TzoPs8u7omZr8XWGiPAF_MtiqZHcjJWPMlWr_7U
1 > Content-Type: application/json; charset=UTF-8
1 > Content-Length: 106
1 > Host: conduit-api.bondaracademy.com
1 > Connection: Keep-Alive
1 > User-Agent: Apache-HttpClient/4.5.14 (Java/25.0.2)
1 > Accept-Encoding: gzip,deflate
{"article":{"title":"Mother Mole","description":"Sunspear","body":"Winter is coming.","tagList":["Blog"]}}

15:33:18.211 [pool-2-thread-2] DEBUG com.intuit.karate - request:
1 > POST https://conduit-api.bondaracademy.com/api/articles
1 > Authorization: Token eyJhbGciOiJIUzI1NiIsInR5cCI6IkpXVCJ9.eyJ1c2VyIjp7ImlkIjo0NTU0Nn0sImlhdCI6MTc3MDg0MTk5OCwiZXhwIjoxNzc2MDI1OTk4fQ.IFg2TzoPs8u7omZr8XWGiPAF_MtiqZHcjJWPMlWr_7U
1 > Content-Type: application/json; charset=UTF-8
1 > Content-Length: 200
1 > Host: conduit-api.bondaracademy.com
1 > Connection: Keep-Alive
1 > User-Agent: Apache-HttpClient/4.5.14 (Java/25.0.2)
1 > Accept-Encoding: gzip,deflate
{"article":{"title":"Malcolm","description":"Lorath","body":"Why is it that when one man builds a wall, the next man immediately needs to know what's on the other side?","tagList":["Bondar Academy"]}}

15:33:18.229 [pool-2-thread-5] DEBUG com.intuit.karate - response time in milliseconds: 862
1 < 201
1 < x-powered-by: Express
1 < vary: Origin
1 < content-type: application/json; charset=utf-8
1 < etag: W/"148-FXRIQj3UPufylZAmI1jGjAEFIHw"
1 < x-cloud-trace-context: 78f7cdefe04b06f7df4a7f94c8cc92b1
1 < date: Wed, 11 Feb 2026 20:33:18 GMT
1 < server: Google Frontend
1 < Content-Length: 328
{"user":{"id":46559,"email":"glen53@test.com","username":"johanna.vonrueden","bio":null,"image":"https://conduit-api.bondaracademy.com/images/smiley-cyrus.jpeg","token":"eyJhbGciOiJIUzI1NiIsInR5cCI6IkpXVCJ9.eyJ1c2VyIjp7ImlkIjo0NjU1OX0sImlhdCI6MTc3MDg0MTk5OCwiZXhwIjoxNzc2MDI1OTk4fQ.aaIczxUZAJF-XQPfN0h3Oli9wHxaKSq8bjCu_IY-gyE"}}

15:33:18.239 [pool-2-thread-5] INFO  com.intuit.karate - karate.env system property was: null 
15:33:18.260 [pool-2-thread-4] INFO  com.intuit.karate - karate.env system property was: null 
15:33:18.283 [pool-2-thread-5] DEBUG com.intuit.karate - request:
1 > POST https://conduit-api.bondaracademy.com/api/users
1 > Content-Type: application/json; charset=UTF-8
1 > Content-Length: 85
1 > Host: conduit-api.bondaracademy.com
1 > Connection: Keep-Alive
1 > User-Agent: Apache-HttpClient/4.5.14 (Java/25.0.2)
1 > Accept-Encoding: gzip,deflate
{"user":{"username":"cualquiera","email":"trenton0@test.com","password":"Karate123"}}

15:33:18.303 [pool-2-thread-4] DEBUG com.intuit.karate - request:
1 > POST https://conduit-api.bondaracademy.com/api/users
1 > Content-Type: application/json; charset=UTF-8
1 > Content-Length: 83
1 > Host: conduit-api.bondaracademy.com
1 > Connection: Keep-Alive
1 > User-Agent: Apache-HttpClient/4.5.14 (Java/25.0.2)
1 > Accept-Encoding: gzip,deflate
{"user":{"username":"bobbi.pollich","email":"emailwithout","password":"Karate123"}}

15:33:18.313 [pool-2-thread-3] DEBUG com.intuit.karate - response time in milliseconds: 176
1 < 422
1 < x-powered-by: Express
1 < vary: Origin
1 < content-type: application/json; charset=utf-8
1 < etag: W/"2f-BJEnYqgmLwV4NGkXB9OccFtans4"
1 < x-cloud-trace-context: d7dc9a4eed053fd31ba445b68e9a78b3
1 < date: Wed, 11 Feb 2026 20:33:18 GMT
1 < server: Google Frontend
1 < Content-Length: 47
{"errors":{"email":["has already been taken"]}}

15:33:18.321 [pool-2-thread-3] INFO  com.intuit.karate - karate.env system property was: null 
15:33:18.365 [pool-2-thread-3] DEBUG com.intuit.karate - request:
1 > POST https://conduit-api.bondaracademy.com/api/users
1 > Content-Type: application/json; charset=UTF-8
1 > Content-Length: 107
1 > Host: conduit-api.bondaracademy.com
1 > Connection: Keep-Alive
1 > User-Agent: Apache-HttpClient/4.5.14 (Java/25.0.2)
1 > Accept-Encoding: gzip,deflate
{"user":{"username":"osvaldolafigura23458373646475757","email":"parker67@test.com","password":"Karate123"}}

15:33:18.436 [pool-2-thread-2] DEBUG com.intuit.karate - response time in milliseconds: 223
1 < 201
1 < x-powered-by: Express
1 < vary: Origin
1 < content-type: application/json; charset=utf-8
1 < etag: W/"1d5-gru/is3eENmVraQemJ8Eu93l6nw"
1 < x-cloud-trace-context: 98bf5380e605af169cd7cb686008c966
1 < date: Wed, 11 Feb 2026 20:33:18 GMT
1 < server: Google Frontend
1 < Content-Length: 469
{"article":{"slug":"Malcolm-45546","title":"Malcolm","description":"Lorath","body":"Why is it that when one man builds a wall, the next man immediately needs to know what's on the other side?","tagList":["Bondar Academy"],"createdAt":"2026-02-11T20:33:18.418Z","updatedAt":"2026-02-11T20:33:18.418Z","favorited":false,"favoritesCount":0,"author":{"username":"Osva","bio":null,"image":"https://conduit-api.bondaracademy.com/images/smiley-cyrus.jpeg","following":false}}}

15:33:18.436 [pool-2-thread-1] DEBUG com.intuit.karate - response time in milliseconds: 224
1 < 201
1 < x-powered-by: Express
1 < vary: Origin
1 < content-type: application/json; charset=utf-8
1 < etag: W/"17b-xqWNhKUQd7Kf1ol1ewQAtqKpBL0"
1 < x-cloud-trace-context: a1942d8a1971bfc42a0fe1f31d2906f4
1 < date: Wed, 11 Feb 2026 20:33:18 GMT
1 < server: Google Frontend
1 < Content-Length: 379
{"article":{"slug":"Mother-Mole-45546","title":"Mother Mole","description":"Sunspear","body":"Winter is coming.","tagList":["Blog"],"createdAt":"2026-02-11T20:33:18.422Z","updatedAt":"2026-02-11T20:33:18.422Z","favorited":false,"favoritesCount":0,"author":{"username":"Osva","bio":null,"image":"https://conduit-api.bondaracademy.com/images/smiley-cyrus.jpeg","following":false}}}

15:33:18.440 [pool-2-thread-2] DEBUG com.intuit.karate - request:
2 > GET https://conduit-api.bondaracademy.com/api/articles?limit=10&offset=0
2 > Authorization: Token eyJhbGciOiJIUzI1NiIsInR5cCI6IkpXVCJ9.eyJ1c2VyIjp7ImlkIjo0NTU0Nn0sImlhdCI6MTc3MDg0MTk5OCwiZXhwIjoxNzc2MDI1OTk4fQ.IFg2TzoPs8u7omZr8XWGiPAF_MtiqZHcjJWPMlWr_7U
2 > Host: conduit-api.bondaracademy.com
2 > Connection: Keep-Alive
2 > User-Agent: Apache-HttpClient/4.5.14 (Java/25.0.2)
2 > Accept-Encoding: gzip,deflate


15:33:18.445 [pool-2-thread-1] INFO  com.intuit.karate - karate.env system property was: null 
15:33:18.454 [pool-2-thread-5] DEBUG com.intuit.karate - response time in milliseconds: 171
1 < 422
1 < x-powered-by: Express
1 < vary: Origin
1 < content-type: application/json; charset=utf-8
1 < etag: W/"32-JsHJTKwNHW5NSVjFTl5ds7a++54"
1 < x-cloud-trace-context: 230bbd5697804eb794b00c7a9b453c2a
1 < date: Wed, 11 Feb 2026 20:33:18 GMT
1 < server: Google Frontend
1 < Content-Length: 50
{"errors":{"username":["has already been taken"]}}

15:33:18.461 [pool-2-thread-5] INFO  com.intuit.karate - karate.env system property was: null 
15:33:18.467 [pool-2-thread-5] DEBUG com.intuit.karate - request:
1 > POST https://conduit-api.bondaracademy.com/api/users/login
1 > Content-Type: application/json; charset=UTF-8
1 > Content-Length: 65
1 > Host: conduit-api.bondaracademy.com
1 > Connection: Keep-Alive
1 > User-Agent: Apache-HttpClient/4.5.14 (Java/25.0.2)
1 > Accept-Encoding: gzip,deflate
{"user":{"email":"elosvadel84@gmail.com","password":"Osva12345"}}

15:33:18.469 [pool-2-thread-4] DEBUG com.intuit.karate - response time in milliseconds: 165
1 < 422
1 < x-powered-by: Express
1 < vary: Origin
1 < content-type: application/json; charset=utf-8
1 < etag: W/"23-BFnyxZU59MOp7LrClbIX0lqohmc"
1 < x-cloud-trace-context: 114264f1ccd88fba031bd507e9520ad9
1 < date: Wed, 11 Feb 2026 20:33:18 GMT
1 < server: Google Frontend
1 < Content-Length: 35
{"errors":{"email":["is invalid"]}}

15:33:18.476 [pool-2-thread-1] DEBUG com.intuit.karate - request:
1 > POST https://conduit-api.bondaracademy.com/api/users
1 > Content-Type: application/json; charset=UTF-8
1 > Content-Length: 85
1 > Host: conduit-api.bondaracademy.com
1 > Connection: Keep-Alive
1 > User-Agent: Apache-HttpClient/4.5.14 (Java/25.0.2)
1 > Accept-Encoding: gzip,deflate
{"user":{"username":"norbert.tillman","email":"natalie37@test.com","password":"Kar"}}

15:33:18.519 [pool-2-thread-3] DEBUG com.intuit.karate - response time in milliseconds: 153
1 < 422
1 < x-powered-by: Express
1 < vary: Origin
1 < content-type: application/json; charset=utf-8
1 < etag: W/"42-XpZe/rkpj7jwgwlEfcGikMbY3LU"
1 < x-cloud-trace-context: b11ca30bf78e3debd1be5e643bef7d8f
1 < date: Wed, 11 Feb 2026 20:33:18 GMT
1 < server: Google Frontend
1 < Content-Length: 66
{"errors":{"username":["is too long (maximum is 20 characters)"]}}

15:33:18.615 [pool-2-thread-2] DEBUG com.intuit.karate - response time in milliseconds: 173
2 < 200
2 < x-powered-by: Express
2 < vary: Origin
2 < content-type: application/json; charset=utf-8
2 < etag: W/"1011-riJoiV9cr39G2mcs4wEo4ALmVYQ"
2 < x-cloud-trace-context: 1613e875eeab4990def0392034853e28
2 < date: Wed, 11 Feb 2026 20:33:18 GMT
2 < server: Google Frontend
2 < Content-Length: 4113
{"articles":[{"slug":"Mother-Mole-45546","title":"Mother Mole","description":"Sunspear","body":"Winter is coming.","tagList":["Blog"],"createdAt":"2026-02-11T20:33:18.422Z","updatedAt":"2026-02-11T20:33:18.422Z","favorited":false,"favoritesCount":0,"author":{"username":"Osva","bio":null,"image":"https://conduit-api.bondaracademy.com/images/smiley-cyrus.jpeg","following":false}},{"slug":"Malcolm-45546","title":"Malcolm","description":"Lorath","body":"Why is it that when one man builds a wall, the next man immediately needs to know what's on the other side?","tagList":["Bondar Academy"],"createdAt":"2026-02-11T20:33:18.418Z","updatedAt":"2026-02-11T20:33:18.418Z","favorited":false,"favoritesCount":0,"author":{"username":"Osva","bio":null,"image":"https://conduit-api.bondaracademy.com/images/smiley-cyrus.jpeg","following":false}},{"slug":"High-Sparrow-45546","title":"High Sparrow","description":"Braavos","body":"And I have a tender spot in my heart for cripples and bastards and broken things.","tagList":["Slack"],"createdAt":"2026-02-11T20:31:33.248Z","updatedAt":"2026-02-11T20:31:33.248Z","favorited":false,"favoritesCount":0,"author":{"username":"Osva","bio":null,"image":"https://conduit-api.bondaracademy.com/images/smiley-cyrus.jpeg","following":false}},{"slug":"Anguy-45546","title":"Anguy","description":"New Ghis","body":"Every flight begins with a fall.","tagList":["Blog"],"createdAt":"2026-02-11T17:59:58.529Z","updatedAt":"2026-02-11T17:59:58.529Z","favorited":false,"favoritesCount":0,"author":{"username":"Osva","bio":null,"image":"https://conduit-api.bondaracademy.com/images/smiley-cyrus.jpeg","following":false}},{"slug":"Kedry-45546","title":"Kedry","description":"Pentos","body":"Once you’ve accepted your flaws, no one can use them against you.","tagList":["Git"],"createdAt":"2026-02-11T17:54:53.795Z","updatedAt":"2026-02-11T17:54:53.795Z","favorited":false,"favoritesCount":0,"author":{"username":"Osva","bio":null,"image":"https://conduit-api.bondaracademy.com/images/smiley-cyrus.jpeg","following":false}},{"slug":"Yormwell-45546","title":"Yormwell","description":"Old Valyria","body":"The North remembers.","tagList":["Value-Focused"],"createdAt":"2026-02-11T16:14:56.387Z","updatedAt":"2026-02-11T16:14:56.387Z","favorited":false,"favoritesCount":0,"author":{"username":"Osva","bio":null,"image":"https://conduit-api.bondaracademy.com/images/smiley-cyrus.jpeg","following":false}},{"slug":"Lady-of-the-Leaves-45546","title":"Lady of the Leaves","description":"Mantarys","body":"... a mind needs books as a sword needs a whetstone, if it is to keep its edge.","tagList":["Start for Free"],"createdAt":"2026-02-11T15:39:47.461Z","updatedAt":"2026-02-11T15:39:47.461Z","favorited":false,"favoritesCount":0,"author":{"username":"Osva","bio":null,"image":"https://conduit-api.bondaracademy.com/images/smiley-cyrus.jpeg","following":false}},{"slug":"Roger-Hogg-45546","title":"Roger Hogg","description":"Pentos","body":"There are no heroes...in life, the monsters win.","tagList":["Test"],"createdAt":"2026-02-10T22:52:04.893Z","updatedAt":"2026-02-10T22:52:04.893Z","favorited":false,"favoritesCount":0,"author":{"username":"Osva","bio":null,"image":"https://conduit-api.bondaracademy.com/images/smiley-cyrus.jpeg","following":false}},{"slug":"Harren-Half-Hoare-45546","title":"Harren Half-Hoare","description":"Tyria","body":"Summer will end soon enough, and childhood as well.","tagList":["Test"],"createdAt":"2026-02-10T22:36:16.991Z","updatedAt":"2026-02-10T22:36:16.991Z","favorited":false,"favoritesCount":0,"author":{"username":"Osva","bio":null,"image":"https://conduit-api.bondaracademy.com/images/smiley-cyrus.jpeg","following":false}},{"slug":"Elder-Brother-45546","title":"Elder Brother","description":"Meereen","body":"A lion doesn't concern itself with the opinion of sheep.","tagList":["Git"],"createdAt":"2026-02-10T21:31:45.412Z","updatedAt":"2026-02-10T21:31:45.412Z","favorited":false,"favoritesCount":0,"author":{"username":"Osva","bio":null,"image":"https://conduit-api.bondaracademy.com/images/smiley-cyrus.jpeg","following":false}}],"articlesCount":43}

15:33:18.639 [pool-2-thread-2] DEBUG com.intuit.karate - request:
3 > DELETE https://conduit-api.bondaracademy.com/api/articles/Malcolm-45546
3 > Authorization: Token eyJhbGciOiJIUzI1NiIsInR5cCI6IkpXVCJ9.eyJ1c2VyIjp7ImlkIjo0NTU0Nn0sImlhdCI6MTc3MDg0MTk5OCwiZXhwIjoxNzc2MDI1OTk4fQ.IFg2TzoPs8u7omZr8XWGiPAF_MtiqZHcjJWPMlWr_7U
3 > Host: conduit-api.bondaracademy.com
3 > Connection: Keep-Alive
3 > User-Agent: Apache-HttpClient/4.5.14 (Java/25.0.2)
3 > Accept-Encoding: gzip,deflate


15:33:18.723 [pool-2-thread-5] DEBUG com.intuit.karate - response time in milliseconds: 256
1 < 200
1 < x-powered-by: Express
1 < vary: Origin
1 < content-type: application/json; charset=utf-8
1 < etag: W/"136-j+UaiKO9DSR8XWT8lX/XaCaFCpA"
1 < x-cloud-trace-context: b68c6b3f725aaf89152774770a6ec8f9
1 < date: Wed, 11 Feb 2026 20:33:18 GMT
1 < server: Google Frontend
1 < Content-Length: 310
{"user":{"email":"elosvadel84@gmail.com","username":"Osva","bio":null,"image":"https://conduit-api.bondaracademy.com/images/smiley-cyrus.jpeg","token":"eyJhbGciOiJIUzI1NiIsInR5cCI6IkpXVCJ9.eyJ1c2VyIjp7ImlkIjo0NTU0Nn0sImlhdCI6MTc3MDg0MTk5OCwiZXhwIjoxNzc2MDI1OTk4fQ.IFg2TzoPs8u7omZr8XWGiPAF_MtiqZHcjJWPMlWr_7U"}}

15:33:18.726 [pool-2-thread-5] INFO  com.intuit.karate - [print] INSIDE HELPER - TOKEN IS >>> eyJhbGciOiJIUzI1NiIsInR5cCI6IkpXVCJ9.eyJ1c2VyIjp7ImlkIjo0NTU0Nn0sImlhdCI6MTc3MDg0MTk5OCwiZXhwIjoxNzc2MDI1OTk4fQ.IFg2TzoPs8u7omZr8XWGiPAF_MtiqZHcjJWPMlWr_7U 
15:33:18.727 [pool-2-thread-1] DEBUG com.intuit.karate - response time in milliseconds: 251
1 < 422
1 < x-powered-by: Express
1 < vary: Origin
1 < content-type: application/json; charset=utf-8
1 < etag: W/"42-UacmJpJtrjcDwm4VS9rFYwj6xG4"
1 < x-cloud-trace-context: 9b06254c60a6b3f9b148790487243fb2
1 < date: Wed, 11 Feb 2026 20:33:18 GMT
1 < server: Google Frontend
1 < Content-Length: 66
{"errors":{"password":["is too short (minimum is 8 characters)"]}}

15:33:18.828 [pool-2-thread-2] DEBUG com.intuit.karate - response time in milliseconds: 188
3 < 204
3 < x-powered-by: Express
3 < vary: Origin
3 < etag: W/"a-bAsFyilMr4Ra1hIU5PyoyFRunpI"
3 < x-cloud-trace-context: 1346fc806d546dbaeb24e23aab4aa1e2
3 < date: Wed, 11 Feb 2026 20:33:18 GMT
3 < content-type: text/html
3 < server: Google Frontend


15:33:18.830 [pool-2-thread-2] DEBUG com.intuit.karate - request:
4 > GET https://conduit-api.bondaracademy.com/api/articles?limit=10&offset=0
4 > Host: conduit-api.bondaracademy.com
4 > Connection: Keep-Alive
4 > User-Agent: Apache-HttpClient/4.5.14 (Java/25.0.2)
4 > Accept-Encoding: gzip,deflate


15:33:19.158 [pool-2-thread-2] DEBUG com.intuit.karate - response time in milliseconds: 327
4 < 200
4 < x-powered-by: Express
4 < vary: Origin
4 < content-type: application/json; charset=utf-8
4 < etag: W/"43a9-pqdQxP+KQGbFJE+UM+gzQW76HzQ"
4 < x-cloud-trace-context: fdfdfdc4700b4fa93feec85c8086ed15
4 < date: Wed, 11 Feb 2026 20:33:19 GMT
4 < server: Google Frontend
4 < Content-Length: 17321
{"articles":[{"slug":"Discover-Bondar-Academy:-Your-Gateway-to-Efficient-Learning-1","title":"Discover Bondar Academy: Your Gateway to Efficient Learning","description":"Discover Bondar Academy's unique place in the educational landscape, where value-focused and efficient learning approaches converge. Our goal is to rapidly enhance your professional technical skills, boosting your market competitiveness and paving the way for higher-paying job opportunities. The speed of your progress is in your hands – you set the pace, and we provide the solutions and support to help you achieve your desired outcomes.","body":"Bondar Academy is a leading platform for efficient education, designed to boost your technical skills and advance your career in Quality Assurance (QA). Our program features a balanced mix of pre-recorded lectures and live sessions, allowing each student to study at their own pace and at a time that suits them. \n\nOur instructors are readily available on our Slack Workspace for support. Whether it's a quick question or a more complex issue requiring a Zoom call or Slack Huddle for screen sharing and live discussion, we're here to assist. Additionally, each class comes with a comprehensive question bank for self-assessment. Following each lecture, you have the opportunity to validate your understanding and readiness to progress to the next topic. You set the pace, and we provide the solutions to ensure you achieve your desired outcomes.\n\nSignUp today: https://www.bondaracademy.com","tagList":["qa career","Bondar Academy","QA Skills","Value-Focused"],"createdAt":"2024-01-27T21:52:32.682Z","updatedAt":"2024-01-27T21:52:32.682Z","favorited":false,"favoritesCount":1711,"author":{"username":"Artem Bondar","bio":null,"image":"https://storage.googleapis.com/bondar-academy-visuals/Android.png","following":false}},{"slug":"The-value-of-pre-recorded-video-classes.-The-most-efficient-approach-to-tranfer-the-knowledge-1","title":"The value of pre-recorded video classes. The most efficient approach to tranfer the knowledge","description":"As educational practices evolve, video tutorials have emerged as the most efficient method for imparting theoretical knowledge. At Bondar Academy, we prioritize expertly structured and crafted video tutorials, ensuring you learn quickly and effectively and advance your skills.","body":"At Bondar Academy, we prioritize the value of your time and the efficiency of your education, distinguishing our approach from traditional colleges and live boot camps. Forget long, tedious live lectures on a fixed schedule. With us, you learn at your convenience and pace through optimized, structured video lectures. \n\nWe understand your goal is rapid knowledge acquisition. Our pre-recorded and well-organized lectures are designed precisely for this, ensuring no slowdowns from group dynamics or unrelated instructor anecdotes. \n\nDive straight into the subject matter, learn efficiently, and if questions arise, our immediate support on the Slack Workspace is there to streamline your learning process and swiftly remove any roadblocks.","tagList":["Bondar Academy","Video Lectures","Tutorials"],"createdAt":"2024-01-27T21:50:38.825Z","updatedAt":"2024-01-27T21:50:38.825Z","favorited":false,"favoritesCount":453,"author":{"username":"Artem Bondar","bio":null,"image":"https://storage.googleapis.com/bondar-academy-visuals/Android.png","following":false}},{"slug":"Mastering-Knowledge-with-Self-Assessments:-Identifying-and-Bridging-Learning-Gaps-in-Education-1","title":"Mastering Knowledge with Self-Assessments: Identifying and Bridging Learning Gaps in Education","description":"Self-assessment is an essential tool for gauging your understanding of lecture material. It answers critical questions: Have you grasped everything correctly? Is there anything you've missed? Are you prepared for the next lesson? These assessments ensure that you build a solid foundation of knowledge, confidently and efficiently paving the way for swift progress and effective learning outcomes.","body":"Traditional educational institutions, such as colleges and universities, commonly use tests and assessments to measure knowledge. This approach is effective for gauging student performance, but it's not without drawbacks. In these settings, assessments after every lecture aren't feasible due to the time required for teachers to evaluate them. This often leads to students having a false sense of understanding, believing they've comprehended all aspects of a lecture when, in reality, small but crucial details might be missed. These 'knowledge gaps' can accumulate, making more complex topics difficult to grasp later on.\n\nAt Bondar Academy, we address this challenge by implementing self-assessments after every lecture. These are designed to cover key questions that ensure a thorough understanding of the material, essential for comfort and success in future lectures. The number of questions varies, ranging from 3-4 to 15-20, depending on the lecture's significance and the volume of critical information. With these self-assessments, students receive immediate feedback, helping them determine if they've fully understood the lecture or if they need to revisit certain parts or seek assistance from our instructors in the Slack Workspace.","tagList":["Self-Assessment","Test","Exam"],"createdAt":"2024-01-27T21:48:36.340Z","updatedAt":"2024-01-27T21:48:36.340Z","favorited":false,"favoritesCount":224,"author":{"username":"Artem Bondar","bio":null,"image":"https://storage.googleapis.com/bondar-academy-visuals/Android.png","following":false}},{"slug":"Practical-Implementation-of-Skills:-Homework-Assignments-with-Instructor-Supervision-1","title":"Practical Implementation of Skills: Homework Assignments with Instructor Supervision","description":"Knowledge or skills not reinforced through practical exercises can quickly fade, often faster than anticipated. Homework, particularly in tasks like writing your own code, is crucial for honing these skills and cementing your understanding. At Bondar Academy, we ensure this vital step by assigning homework, rigorously evaluating the outcomes, and providing valuable feedback to guide your learning journey.","body":"Homework assignments are a fundamental component of the educational methodology at Bondar Academy, especially in technical education where learning a new programming language or framework is involved. The key to mastering these skills lies in writing code; the more you write, the better you become. However, merely replicating code seen in lectures leads to minimal learning. Often, this approach leaves students unclear about why their code works the way it does, as they focus on copying rather than understanding.\n\nA homework assignment at Bondar Academy starts with a blank page, challenging students to apply all their knowledge to write the first line of code. This process is more demanding than it appears. As you write each line, understanding and reasoning grow, making your code meaningful and comprehensible. You learn to write code that makes sense to you, enhancing your understanding.\n\nIn completing these assignments, you engage the 'thinking' part of your brain, transforming theoretical knowledge into practical skills. Recognizing the crucial role of homework in learning, our instructors at Bondar Academy are always available to assist with any challenges. Just reach out on Slack, and you'll receive the guidance and support needed for successful completion. At Bondar Academy, we fully understand the importance of homework assignments for the best outcome, so our instructors are always here to assist if you have any difficulties with completing them. Just ask in Slack and you'll be guided and assisted.","tagList":["Homework","Assignments","Practice","Coding"],"createdAt":"2024-01-27T21:46:09.512Z","updatedAt":"2024-01-27T21:46:09.512Z","favorited":false,"favoritesCount":102,"author":{"username":"Artem Bondar","bio":null,"image":"https://storage.googleapis.com/bondar-academy-visuals/Android.png","following":false}},{"slug":"Embracing-Daily-Git-Routines:-Real-Code-Reviews-on-GitHub-for-Effective-Coding-Practice.-1","title":"Embracing Daily Git Routines: Real Code Reviews on GitHub for Effective Coding Practice.","description":"Learning to code is just one part of a larger skill set; effectively managing and organizing code is equally crucial. At Bondar Academy, we integrate Git and platforms like GitHub into the core learning cycle. With us, using Git becomes a regular routine, where organizing code in branches, storing it in remote repositories, and collaborating with others through strategies like branching, merging, pull requests, and code reviews are standard practice.","body":"At Bondar Academy, mastering Git and GitHub is a fundamental step before delving into frameworks or programming languages. Effective code management, organization, and storage are crucial skills, and Git is the premier tool for this purpose. However, many learners initially find Git challenging due to its complexity and non-intuitive nature. To address this, our instructors have developed structured lectures on Git and GitHub, ensuring an efficient and thorough understanding of these essential tools. Git lessons are a mandatory prerequisite in every class. For a glimpse into our teaching approach, visit our YouTube channel: https://www.youtube.com/@BondarAcademy/playlists.\n\nIn our courses, all homework assignments are reviewed using GitHub pull requests, mirroring the workflow in real-world software development environments. Students submit their code to their working branch for review. Our instructors then provide feedback, suggesting modifications or adjustments for pull request approval. This iterative process is repeated throughout the course, establishing Git usage as a natural and routine part of your coding practice.","tagList":["YouTube","Git","GitHub"],"createdAt":"2024-01-27T21:42:31.491Z","updatedAt":"2024-01-27T21:42:31.491Z","favorited":false,"favoritesCount":103,"author":{"username":"Artem Bondar","bio":null,"image":"https://storage.googleapis.com/bondar-academy-visuals/Android.png","following":false}},{"slug":"Engaging-in-Live-Zoom-Sessions:-Interact-with-Instructors-and-Peers-Ask-Questions-in-Real-Time-1","title":"Engaging in Live Zoom Sessions: Interact with Instructors and Peers, Ask Questions in Real-Time","description":"In our increasingly online world, personal engagement remains a crucial element of effective learning. At Bondar Academy, we address this by hosting live Zoom sessions. These sessions provide a platform for live interaction between instructors and students, and among students themselves. Complementing our Slack channel, these live sessions offer an additional avenue for asking questions and engaging in meaningful discussions.","body":"In our increasingly online world, personal engagement remains a crucial element of effective learning. \nAt Bondar Academy, we address this by hosting live Zoom sessions. These sessions provide a platform for live interaction between instructors and students and among students themselves. Complementing our Slack channel, these live sessions offer an additional avenue for asking questions and engaging in meaningful discussions.","tagList":["Zoom","Live Sessions"],"createdAt":"2024-01-27T21:39:50.587Z","updatedAt":"2024-01-27T21:39:50.587Z","favorited":false,"favoritesCount":75,"author":{"username":"Artem Bondar","bio":null,"image":"https://storage.googleapis.com/bondar-academy-visuals/Android.png","following":false}},{"slug":"Utilizing-Slack-for-Continuous-Engagement:-Connect-with-Instructors-Share-Insights-and-Collaborate-1","title":"Utilizing Slack for Continuous Engagement: Connect with Instructors, Share Insights, and Collaborate","description":"Slack stands out as a widely-used messaging and collaboration platform, celebrated for its convenience and versatility. It enables simultaneous participation in multiple conversations, supports comments and emoji reactions, and allows users to share screenshots, videos, and code snippets. Its functionality extends to making calls in huddle sessions. Given these robust features, Bondar Academy has chosen Slack as our primary communication platform, facilitating seamless interaction and collaboration.","body":"As a new member of Bondar Academy, one of your initial steps should be registering for the Bondar Academy Slack Workspace. Upon registration at Bondar Academy, you'll receive a welcome email containing the URL to join. This Workspace serves as a central hub for communication with instructors and fellow students. Whether you have a question, need to share code, or want to upload screenshots, Slack makes it easy and efficient. Moreover, its compatibility with both desktop and mobile devices, by downloading and installing the app, ensures you can stay connected with your instructors and the community wherever you go.","tagList":["Slack","Community","Collaboration"],"createdAt":"2024-01-27T21:38:27.992Z","updatedAt":"2024-01-27T21:38:27.992Z","favorited":false,"favoritesCount":70,"author":{"username":"Artem Bondar","bio":null,"image":"https://storage.googleapis.com/bondar-academy-visuals/Android.png","following":false}},{"slug":"Stay-Ahead-with-Bondar-Academy:-Subscribe-to-Our-YouTube-channel-for-Latest-Tech-and-Education-Updates-1","title":"Stay Ahead with Bondar Academy: Subscribe to Our YouTube channel for Latest Tech and Education Updates","description":"Who doesn't appreciate high-quality free resources? YouTube serves as an ideal platform for sharing the latest news, updates, and a wealth of tips and tricks in test automation and technology. Keep abreast of these invaluable insights by subscribing to the @bondaracademy YouTube channel.","body":"Who doesn't appreciate high-quality free resources? \n\nYouTube serves as an ideal platform for sharing the latest news, updates, and a wealth of tips and tricks in test automation and technology. \n\nKeep abreast of these invaluable insights by subscribing to our YouTube channel: https://www.youtube.com/@bondaracademy","tagList":["YouTube"],"createdAt":"2024-01-27T21:36:32.360Z","updatedAt":"2024-01-27T21:36:32.360Z","favorited":false,"favoritesCount":66,"author":{"username":"Artem Bondar","bio":null,"image":"https://storage.googleapis.com/bondar-academy-visuals/Android.png","following":false}},{"slug":"Explore-the-Latest-in-Learning:-Bondar-Academy-Blog's-Educational-Insights-from-Our-Experts-1","title":"Explore the Latest in Learning: Bondar Academy Blog's Educational Insights from Our Experts","description":"Discover a treasure trove of knowledge on the Bondar Academy blog. Here, we share an array of tips, techniques, and valuable educational materials, all designed to keep you abreast of the latest technological trends and best practices. For easy access and continual learning, consider bookmarking our blog in your browser.","body":"On the Bondar Academy blog, we consistently provide insightful and pertinent updates on the latest in technology, test automation, and industry best practices. For your convenience, we recommend adding our blog to your browser's bookmarks. Our commitment to keeping you informed is reflected in our weekly posts, each focusing on a significant topic of the week.\n\nWe value your input and invite you to contribute to our ever-evolving content. If you have any suggestions or specific topics you'd like us to explore, please feel free to share your ideas in the Bondar Academy Slack workspace. \n\nDiscover our blog here: https://www.bondaracademy.com/blog\n","tagList":["Blog"],"createdAt":"2024-01-27T21:34:04.531Z","updatedAt":"2024-01-27T21:34:04.531Z","favorited":false,"favoritesCount":67,"author":{"username":"Artem Bondar","bio":null,"image":"https://storage.googleapis.com/bondar-academy-visuals/Android.png","following":false}},{"slug":"Take-the-Next-Step:-Join-Bondar-Academy-Today-and-Enroll-into-the-class-1","title":"Take the Next Step: Join Bondar Academy Today and Enroll into the class","description":"Are you prepared to transform your educational journey? Begin by signing up at Bondar Academy, then register for our Slack Workspace to start exploring. We offer a range of classes, with some being completely free and others featuring free previews of the initial sections. This allows you to experience our content and teaching approach firsthand, helping you make an informed decision before enrolling in a class.","body":"Are you prepared to transform your educational journey? \n\nBegin by signing up at Bondar Academy, then register for our Slack Workspace to start exploring. We offer a range of classes, with some being completely free and others featuring free previews of the initial sections. This allows you to experience our content and teaching approach firsthand, helping you make an informed decision before enrolling in a class.\n\nClick here to enroll: https://www.bondaracademy.com","tagList":["Enroll","Start for Free"],"createdAt":"2024-01-27T21:32:21.056Z","updatedAt":"2024-01-27T21:32:21.056Z","favorited":false,"favoritesCount":71,"author":{"username":"Artem Bondar","bio":null,"image":"https://storage.googleapis.com/bondar-academy-visuals/Android.png","following":false}}],"articlesCount":10}

15:33:19.836 [pool-3-thread-1] INFO  com.intuit.karate.Suite - <<pass>> feature 1 of 4 (3 remaining) classpath:conduitApp/feature/Articles.feature
15:33:19.978 [pool-3-thread-1] INFO  com.intuit.karate.Suite - <<pass>> feature 2 of 4 (2 remaining) classpath:conduitApp/feature/HomePage.feature
15:33:20.186 [pool-3-thread-1] INFO  com.intuit.karate.Suite - <<pass>> feature 3 of 4 (1 remaining) classpath:conduitApp/feature/SignUpUsers.feature
15:33:20.221 [pool-3-thread-1] INFO  com.intuit.karate.Suite - <<pass>> feature 4 of 4 (0 remaining) classpath:conduitApp/helpers/CreateToken.feature
